Player,Team,Position,GP,TOI,Age,atoi,total_percentile,Skater,team_gp,team_TOI,team_atoi,adj_toi,QoTF,QoTD,Team 1_x,Team 2_x,Team 3_x,adj_toi 1_x,adj_toi 2_x,adj_toi 3_x,QoCF,QoCD,team_no,team_count,Team 1_y,Team 2_y,Team 3_y,adj_toi 1_y,adj_toi 2_y,adj_toi 3_y,QoCF 1,QoCF 2,QoCF 3,QoTF 1,QoTF 2,QoTF 3,QoCD 1,QoCD 2,QoCD 3,QoTD 1,QoTD 2,QoTD 3,toughest_min,Goals,Total Assists,First Assists,Second Assists,Total Points,IPP,Shots,SH%,ixG,iCF,iHDCF,Rush Attempts,Rebounds Created,Giveaways,Takeaways,Hits,Hits Taken,Shots Blocked,Faceoffs %,CF,CA,GF,GA,GF%,xGF,xGA,HDGF%,PDO
Brent Burns,S.J,D,82,2144.03,39.0,26.15,100.0,D,82.0,2144.03,26.15,2144.2999999999997,100.0,100.0,,,,,,,100.0,100.0,1,S.J,,,,,,,,,,,,,,,,,,,400.0,1,1,0,1,2,22.22,19,5.26,0.44,51,1,1,4,6,6,6,9,12,-,1940,2260,115,127,47.52,101.95,126.92,46.15,1.0
Victor Hedman,T.B,D,82,2052.43,33.0,25.03,99.85,D,82.0,2052.43,25.03,2052.46,100.0,100.0,,,,,,,100.0,99.55,1,T.B,,,,,,,,,,,,,,,,,,,399.55,1,2,1,1,3,100.00,10,10.00,0.43,18,1,0,1,3,1,8,12,7,-,2161,1680,160,101,61.30,129.3,95.11,59.69,1.022
Roman Josi,NSH,D,80,2043.78,34.0,25.55,99.55,D,80.0,2043.78,25.55,2044.0,100.0,100.0,,,,,,,100.0,98.65,1,NSH,,,,,,,,,,,,,,,,,,,398.65,0,1,1,0,1,20.00,8,0.00,0.45,26,1,0,2,4,0,3,12,10,-,2255,1819,152,94,61.79,117.69,94.71,62.02,1.033
Cale Makar,COL,D,77,1976.43,25.0,25.67,99.25,D,77.0,1976.43,25.67,1976.5900000000001,100.0,100.0,,,,,,,100.0,97.73,1,COL,,,,,,,,,,,,,,,,,,,397.73,2,4,1,3,6,75.00,24,8.33,1.3,59,4,1,7,5,9,5,17,15,-,2386,1629,163,75,68.49,137.45,86.59,63.46,1.041
Alex Pietrangelo,VGK,D,80,1971.58,34.0,24.64,99.1,D,80.0,1971.58,24.64,1971.2,100.0,100.0,,,,,,,100.0,97.29,1,VGK,,,,,,,,,,,,,,,,,,,397.29,0,0,0,0,0,0.00,10,0.00,1.33,32,2,0,5,3,2,7,20,15,-,2083,1888,104,102,50.49,113.13,107.91,48.21,0.987
Morgan Rielly,TOR,D,82,1946.73,30.0,23.74,98.8,D,82.0,1946.73,23.74,1946.6799999999998,100.0,100.0,,,,,,,100.0,96.4,1,TOR,,,,,,,,,,,,,,,,,,,396.4,0,3,1,2,3,50.00,11,0.00,0.5,25,2,0,0,4,2,14,33,13,-,2195,1691,157,105,59.92,124.15,95.37,58.82,1.023
Ryan Suter,DAL,D,82,1939.48,39.0,23.65,98.65,D,82.0,1939.48,23.65,1939.3,100.0,100.0,,,,,,,100.0,95.91,1,DAL,,,,,,,,,,,,,,,,,,,395.90999999999997,1,3,2,1,4,44.44,8,12.50,0.55,44,2,1,1,12,2,18,27,17,-,1904,1770,91,84,52.00,103.23,88.87,60.61,1.006
Charlie McAvoy,BOS,D,78,1923.48,26.0,24.66,98.5,D,78.0,1923.48,24.66,1923.48,100.0,100.0,,,,,,,100.0,95.5,1,BOS,,,,,,,,,,,,,,,,,,,395.5,1,2,0,2,3,37.50,22,4.55,1.26,55,5,2,6,17,4,45,69,24,-,2133,1628,127,77,62.25,121.81,81.45,61.11,1.011
Quinn Hughes,VAN,D,76,1917.35,24.0,25.23,98.2,D,76.0,1917.35,25.23,1917.48,100.0,100.0,,,,,,,100.0,94.57,1,VAN,,,,,,,,,,,,,,,,,,,394.57,0,4,3,1,4,66.67,15,0.00,0.77,52,1,1,7,5,4,3,33,12,-,2103,1546,122,77,61.31,107.9,86.94,58.25,1.018
Josh Morrissey,WPG,D,79,1869.08,29.0,23.66,97.46,D,79.0,1869.08,23.66,1869.14,100.0,100.0,,,,,,,100.0,92.34,1,WPG,,,,,,,,,,,,,,,,,,,392.34000000000003,1,0,0,0,1,20.00,7,14.29,0.2,17,0,0,0,2,2,4,9,8,-,1907,1634,106,90,54.08,113.16,92.86,50.46,1.002
Adam Fox,NYR,D,78,1864.77,26.0,23.91,97.31,D,78.0,1864.77,23.91,1864.98,100.0,100.0,,,,,,,100.0,91.89,1,NYR,,,,,,,,,,,,,,,,,,,391.89,0,4,3,1,4,40.00,21,0.00,1.42,48,3,0,4,5,3,13,32,30,-,1802,1641,127,77,62.25,106.29,86.1,64.41,1.036
Jaccob Slavin,CAR,D,79,1858.87,30.0,23.53,97.16,D,79.0,1858.87,23.53,1858.8700000000001,100.0,100.0,,,,,,,100.0,90.95,1,CAR,,,,,,,,,,,,,,,,,,,390.95,1,2,0,2,3,37.50,18,5.56,0.9,39,3,4,4,2,4,5,17,16,-,1815,1569,107,74,59.12,109.73,85.92,62.16,1.02
John Carlson,WSH,D,78,1857.25,34.0,23.81,96.86,D,78.0,1857.25,23.81,1857.1799999999998,100.0,100.0,,,,,,,100.0,90.54,1,WSH,,,,,,,,,,,,,,,,,,,390.54,1,0,0,0,1,25.00,12,8.33,0.78,22,3,0,3,0,0,2,10,3,-,1943,1604,128,92,58.18,114.67,86.05,50.91,1.009
Leon Draisaitl,EDM,C,80,1787.93,28.0,22.35,95.66,F,80.0,1787.93,22.35,1788.0,100.0,100.0,,,,,,,100.0,86.94,1,EDM,,,,,,,,,,,,,,,,,,,386.94,4,9,8,1,13,61.90,34,11.76,3.53,67,16,5,5,21,14,20,56,13,47.21,2017,1544,145,84,63.32,133.42,87.57,64.60,1.034
Vladislav Gavrikov,CBJ,D,80,1783.3,28.0,22.29,95.36,D,80.0,1783.3,22.29,1783.1999999999998,100.0,100.0,,,,,,,99.77,86.36,1,CBJ,,,,,,,,,,,,,,,,,,,386.13,0,2,1,1,2,66.67,1,0.00,0.41,12,1,0,0,1,1,11,9,2,-,1424,1925,88,122,41.90,74.67,101.26,39.78,1.002
Noah Dobson,NYI,D,80,1716.73,24.0,21.46,93.11,D,80.0,1716.73,21.46,1716.8000000000002,100.0,100.0,,,,,,,99.3,80.54,1,NYI,,,,,,,,,,,,,,,,,,,379.84000000000003,0,0,0,0,0,0.00,5,0.00,0.51,16,2,1,1,4,1,4,16,7,-,1646,1613,94,75,55.62,87.33,84.26,55.43,1.018
Darnell Nurse,EDM,D,71,1778.45,29.0,25.05,95.21,D,71.0,1778.45,25.05,1778.55,92.86,100.0,,,,,,,100.0,86.04,1,EDM,,,,,,,,,,,,,,,,,,,378.90000000000003,1,3,0,3,4,28.57,37,2.70,1.73,78,3,2,5,10,3,42,37,45,-,1801,1753,102,97,51.26,102.55,93.57,60.20,1.004
Anze Kopitar,L.A,C,81,1682.32,36.0,20.77,91.92,F,81.0,1682.32,20.77,1682.37,100.0,100.0,,,,,,,98.59,78.73,1,L.A,,,,,,,,,,,,,,,,,,,377.32,1,2,2,0,3,60.00,7,14.29,0.76,13,4,1,1,2,2,12,3,1,60.87,1853,1394,92,93,49.73,103.21,80.71,44.21,0.969
Tyler Myers,VAN,D,82,1802.62,34.0,21.98,95.81,D,82.0,1802.62,21.98,1802.3600000000001,100.0,88.89,,,,,,,100.0,87.78,1,VAN,,,,,,,,,,,,,,,,,,,376.66999999999996,0,1,0,1,1,12.50,6,0.00,0.68,29,1,0,4,4,2,33,17,24,-,1568,1937,77,101,43.26,79.96,101.35,41.38,0.993
Jacob Trouba,NYR,D,81,1816.42,30.0,22.42,96.11,D,81.0,1816.42,22.42,1816.0200000000002,100.0,85.71,,,,,,,100.0,88.74,1,NYR,,,,,,,,,,,,,,,,,,,374.45,0,4,0,4,4,40.00,14,0.00,0.81,51,4,1,4,7,7,55,29,54,-,1610,1780,88,77,53.33,88.3,88.3,53.26,1.019
Shea Theodore,VGK,D,78,1804.7,28.0,23.14,95.96,D,78.0,1804.7,23.14,1804.92,100.0,85.71,,,,,,,100.0,88.24,1,VGK,,,,,,,,,,,,,,,,,,,373.95,0,0,0,0,0,0.00,10,0.00,0.35,29,0,0,1,1,5,1,8,12,-,2030,1555,105,79,57.07,107.63,85.12,58.82,0.997
Mattias Ekholm,NSH,D,76,1784.35,34.0,23.48,95.51,D,76.0,1784.35,23.48,1784.48,100.0,85.71,,,,,,,99.77,87.39,1,NSH,,,,,,,,,,,,,,,,,,,372.86999999999995,1,3,2,1,4,19.05,29,3.45,1.58,75,4,0,5,16,8,24,57,32,-,1424,1779,86,98,46.74,75.81,98.08,50.53,1.012
TJ Brodie,TOR,D,82,1747.53,34.0,21.31,94.16,D,82.0,1747.53,21.31,1747.4199999999998,100.0,88.89,,,,,,,99.53,83.78,1,TOR,,,,,,,,,,,,,,,,,,,372.2,0,0,0,0,0,-,1,0.00,0.02,3,0,0,0,0,0,2,0,1,-,1569,1595,88,84,51.16,79.94,78.31,46.88,1.007
Andrew Peeke,CBJ,D,82,1759.82,26.0,21.46,94.61,D,82.0,1759.82,21.46,1759.72,100.0,87.5,,,,,,,99.53,85.0,1,CBJ,,,,,,,,,,,,,,,,,,,372.03,0,0,0,0,0,-,1,0.00,0.02,7,0,0,0,0,0,5,17,6,-,1334,1973,65,112,36.72,61.81,100.14,41.00,0.99
Kevin Shattenkirk,ANA,D,82,1755.4,35.0,21.41,94.46,D,82.0,1755.4,21.41,1755.6200000000001,100.0,87.5,,,,,,,99.53,84.75,1,ANA,,,,,,,,,,,,,,,,,,,371.78,0,0,0,0,0,0.00,2,0.00,0.06,5,0,0,0,0,0,7,13,1,-,1526,1769,89,92,49.17,79.19,92.69,55.56,1.011
Mikhail Sergachev,T.B,D,78,1750.38,25.0,22.44,94.31,D,78.0,1750.38,22.44,1750.3200000000002,100.0,87.5,,,,,,,99.53,84.16,1,T.B,,,,,,,,,,,,,,,,,,,371.19,0,0,0,0,0,-,2,0.00,0.12,6,0,1,1,2,0,1,7,3,-,1479,1590,82,87,48.52,79.77,79.41,50.00,1.0
Miro Heiskanen,DAL,D,70,1742.1,24.0,24.89,93.86,D,70.0,1742.1,24.89,1742.3,100.0,87.5,,,,,,,99.53,82.73,1,DAL,,,,,,,,,,,,,,,,,,,369.76,2,6,3,3,8,53.33,34,5.88,1.61,85,5,2,14,15,9,24,83,38,-,1684,1535,80,70,53.33,92.23,77.26,63.75,1.005
Filip Hronek,DET,D,78,1718.02,26.0,22.03,93.26,D,78.0,1718.02,22.03,1718.3400000000001,100.0,87.5,,,,,,,99.3,81.53,1,DET,,,,,,,,,,,,,,,,,,,368.33,1,1,0,1,2,25.00,10,10.00,0.55,35,1,0,4,2,4,21,35,12,-,1443,1633,77,116,39.90,80.8,95.34,40.23,0.976
Brady Skjei,CAR,D,82,1733.67,30.0,21.14,93.71,D,82.0,1733.67,21.14,1733.48,100.0,85.71,,,,,,,99.53,82.35,1,CAR,,,,,,,,,,,,,,,,,,,367.59,0,5,4,1,5,62.50,17,0.00,0.94,53,3,1,8,6,5,17,14,14,-,1657,1562,83,77,51.88,85.89,88.89,48.04,1.006
Connor McDavid,EDM,C,80,1765.3,27.0,22.07,95.06,F,80.0,1765.3,22.07,1765.6,92.86,87.5,,,,,,,100.0,86.04,1,EDM,,,,,,,,,,,,,,,,,,,366.40000000000003,5,16,12,4,21,77.78,45,11.11,4.35,85,21,1,8,9,18,37,46,13,43.73,2260,1363,151,71,68.02,150.52,70.2,72.03,1.025
Devon Toews,COL,D,66,1674.37,30.0,25.37,91.32,D,66.0,1674.37,25.37,1674.42,100.0,88.89,,,,,,,98.14,78.18,1,COL,,,,,,,,,,,,,,,,,,,365.21,0,5,2,3,5,45.45,15,0.00,0.56,44,2,1,2,7,11,11,6,8,-,1749,1531,123,77,61.50,94.73,78.78,53.85,1.036
Noah Hanifin,CGY,D,81,1725.9,27.0,21.31,93.56,D,81.0,1725.9,21.31,1726.11,100.0,83.33,,,,,,,99.53,81.98,1,CGY,,,,,,,,,,,,,,,,,,,364.84,2,0,0,0,2,66.67,10,20.00,0.45,31,3,0,0,3,4,6,14,7,-,1831,1452,111,82,57.51,103.3,72.88,58.14,1.006
Kyle Connor,WPG,L,79,1720.32,27.0,21.78,93.41,F,79.0,1720.32,21.78,1720.6200000000001,100.0,83.33,,,,,,,99.53,81.53,1,WPG,,,,,,,,,,,,,,,,,,,364.39,2,2,1,1,4,66.67,13,15.38,0.78,25,5,0,4,2,1,4,6,2,-,1880,1592,116,92,55.77,113.11,96.79,52.34,1.011
Oliver Ekman-Larsson,VAN,D,79,1762.73,32.0,22.31,94.91,D,79.0,1762.73,22.31,1762.49,100.0,77.78,,,,,,,99.53,86.43,1,VAN,,,,,,,,,,,,,,,,,,,363.74,2,0,0,0,2,16.67,20,10.00,1.17,58,4,1,6,5,2,53,45,16,-,1663,1768,79,83,48.77,87.83,88.42,53.16,1.002
Tomas Hertl,S.J,C,82,1635.1,30.0,19.94,90.42,F,82.0,1635.1,19.94,1635.0800000000002,100.0,88.89,,,,,,,97.89,75.45,1,S.J,,,,,,,,,,,,,,,,,,,362.23,0,0,0,0,0,-,10,0.00,1.94,17,10,0,2,2,0,27,14,4,54.05,1670,1577,105,101,50.97,85.22,92.9,49.02,0.998
Adam Pelech,NYI,D,78,1660.05,29.0,21.28,91.02,D,78.0,1660.05,21.28,1659.8400000000001,100.0,85.71,,,,,,,98.12,77.38,1,NYI,,,,,,,,,,,,,,,,,,,361.21,0,2,1,1,2,66.67,4,0.00,0.09,14,0,0,0,5,3,17,13,9,-,1385,1642,73,72,50.34,70.61,81.08,47.06,1.013
Hampus Lindholm,BOS,D,71,1597.2,30.0,22.5,88.92,D,10.0,222.88,22.29,1582.59,100.0,87.5,ANA,BOS,0,1599.63,1582.59,0.0,96.72,71.49,2,Multi,ANA,BOS,0,1599.63,1582.59,0.0,97.18969555035129,96.72131147540983,0.0,100.0,100.0,0.0,73.87387387387388,71.49321266968326,0.0,62.5,87.5,0.0,355.71,1,3,1,2,4,33.33,12,8.33,0.29,33,1,0,2,16,1,9,41,13,-,1422,1545,76,72,51.35,72.81,80.34,53.16,1.013
Evgeny Kuznetsov,WSH,C,79,1602.15,32.0,20.28,89.07,F,79.0,1602.15,20.28,1602.1200000000001,100.0,83.33,,,,,,,97.42,72.97,1,WSH,,,,,,,,,,,,,,,,,,,353.71999999999997,2,2,0,2,4,80.00,12,16.67,0.95,26,4,3,1,3,1,6,3,1,54.69,1668,1317,116,81,58.88,98.54,72.96,49.47,1.011
Alexander Romanov,MTL,D,79,1611.15,24.0,20.39,89.67,D,79.0,1611.15,20.39,1610.81,93.75,87.5,,,,,,,97.66,74.11,1,MTL,,,,,,,,,,,,,,,,,,,353.02,0,1,0,1,1,25.00,6,0.00,0.27,22,0,1,1,3,2,7,22,12,-,1293,1813,65,113,36.52,59.93,91.34,30.34,0.977
Esa Lindell,DAL,D,76,1675.43,30.0,22.05,91.47,D,76.0,1675.43,22.05,1675.8,100.0,75.0,,,,,,,98.13,79.09,1,DAL,,,,,,,,,,,,,,,,,,,352.22,1,2,1,1,3,30.00,16,6.25,1.16,53,2,3,6,7,8,26,60,42,-,1285,1761,65,91,41.67,68.63,77.73,46.75,0.988
K'Andre Miller,NYR,D,82,1688.57,24.0,20.59,92.22,D,82.0,1688.57,20.59,1688.3799999999999,100.0,71.43,,,,,,,98.83,80.18,1,NYR,,,,,,,,,,,,,,,,,,,350.44,0,2,2,0,2,18.18,12,0.00,0.69,48,1,0,4,7,6,28,17,19,-,1455,1544,76,64,54.29,73.88,76.12,54.43,1.019
Neal Pionk,WPG,D,77,1627.75,28.0,21.14,89.97,D,77.0,1627.75,21.14,1627.78,93.33,83.33,,,,,,,97.67,75.23,1,WPG,,,,,,,,,,,,,,,,,,,349.56,0,1,0,1,1,20.00,4,0.00,0.31,14,2,0,2,1,1,15,16,12,-,1526,1575,90,78,53.57,87.37,80.61,50.00,1.018
Dmitry Orlov,WSH,D,76,1593.17,32.0,20.96,88.77,D,76.0,1593.17,20.96,1592.96,94.12,83.33,,,,,,,97.42,72.52,1,WSH,,,,,,,,,,,,,,,,,,,347.39,1,4,2,2,5,83.33,20,5.00,1.03,42,3,2,5,9,3,18,17,16,-,1481,1359,88,65,57.52,74.88,62.45,47.95,1.018
Cody Ceci,EDM,D,78,1629.92,30.0,20.9,90.12,D,78.0,1629.92,20.9,1630.1999999999998,85.71,87.5,,,,,,,97.89,75.68,1,EDM,,,,,,,,,,,,,,,,,,,346.78,2,2,2,0,4,36.36,21,9.52,0.71,49,3,4,5,9,5,31,70,20,-,1394,1669,74,89,45.40,75.19,86.54,48.35,1.003
Alex Iafallo,L.A,L,79,1461.67,30.0,18.5,81.89,F,79.0,1461.67,18.5,1461.5,92.31,100.0,,,,,,,91.1,62.9,1,L.A,,,,,,,,,,,,,,,,,,,346.31,0,1,1,0,1,50.00,1,0.00,0.02,4,0,0,0,0,1,6,3,6,-,1607,1194,71,69,50.71,85.45,67.54,45.31,0.972
J.T. Miller,VAN,C,80,1684.23,31.0,21.05,92.07,F,80.0,1684.23,21.05,1684.0,100.0,66.67,,,,,,,98.83,80.09,1,VAN,,,,,,,,,,,,,,,,,,,345.59000000000003,1,3,3,0,4,57.14,17,5.88,2.51,41,10,1,2,3,5,41,26,7,55.22,1847,1530,129,88,59.45,104.21,93.73,59.80,1.031
Mikko Rantanen,COL,R,75,1572.83,27.0,20.97,88.02,F,75.0,1572.83,20.97,1572.75,100.0,77.78,,,,,,,96.74,70.91,1,COL,,,,,,,,,,,,,,,,,,,345.42999999999995,3,3,2,1,6,60.00,25,12.00,2.09,44,9,1,3,3,8,19,31,10,45.10,2039,1226,159,70,69.43,121.55,65.31,65.45,1.042
Ryan McDonagh,T.B,D,71,1589.2,35.0,22.38,88.47,D,71.0,1589.2,22.38,1588.98,100.0,75.0,,,,,,,96.98,71.95,1,T.B,,,,,,,,,,,,,,,,,,,343.93,0,0,0,0,0,0.00,5,0.00,0.36,15,1,1,1,5,2,10,10,12,-,1172,1626,63,75,45.65,63.96,83.38,44.83,1.015
Brandon Carlo,BOS,D,79,1556.53,27.0,19.7,87.57,D,79.0,1556.53,19.7,1556.3,100.0,75.0,,,,,,,96.49,70.27,1,BOS,,,,,,,,,,,,,,,,,,,341.76,3,1,0,1,4,40.00,17,17.65,0.87,35,2,2,2,7,4,23,38,16,-,1266,1478,52,71,42.28,58.99,67.17,39.06,0.98
Auston Matthews,TOR,C,73,1504.5,26.0,20.61,84.58,F,73.0,1504.5,20.61,1504.53,100.0,77.78,,,,,,,94.39,65.32,1,TOR,,,,,,,,,,,,,,,,,,,337.49,1,2,2,0,3,75.00,16,6.25,1.45,33,5,0,1,0,3,24,3,3,56.96,1959,1098,147,81,64.47,117.81,57.82,64.23,1.008
Adrian Kempe,L.A,"C, L",78,1449.53,27.0,18.58,80.99,F,78.0,1449.53,18.58,1449.2399999999998,84.62,100.0,,,,,,,90.63,61.54,1,L.A,,,,,,,,,,,,,,,,,,,336.78999999999996,3,1,1,0,4,100.00,17,17.65,1.83,32,7,2,3,1,1,12,5,0,-,1625,1236,80,74,51.95,90.09,75.8,48.15,0.983
Alexandre Carrier,NSH,D,77,1615.55,27.0,20.98,89.82,D,77.0,1615.55,20.98,1615.46,91.67,71.43,,,,,,,97.66,75.23,1,NSH,,,,,,,,,,,,,,,,,,,335.99,1,1,0,1,2,100.00,8,12.50,0.47,14,1,0,0,1,2,3,23,13,-,1265,1662,73,63,53.68,64.39,81.92,57.97,1.033
Jake McCabe,CHI,D,75,1522.8,30.0,20.3,85.78,D,75.0,1522.8,20.3,1522.5,87.5,85.71,,,,,,,95.35,67.42,1,CHI,,,,,,,,,,,,,,,,,,,335.97999999999996,1,0,0,0,1,25.00,3,33.33,0.2,10,1,0,1,6,6,19,26,10,0.00,1083,1771,50,105,32.26,48.71,85.6,31.88,0.977
Chandler Stephenson,VGK,C,79,1525.12,30.0,19.31,86.08,F,79.0,1525.12,19.31,1525.49,100.0,71.43,,,,,,,95.29,67.87,1,VGK,,,,,,,,,,,,,,,,,,,334.59000000000003,0,0,0,0,0,-,5,0.00,0.37,6,3,0,0,4,2,16,13,6,39.34,1567,1458,100,89,52.91,92.14,84.17,52.43,0.999
Aaron Ekblad,FLA,D,61,1519.7,28.0,24.91,85.63,D,61.0,1519.7,24.91,1519.51,93.75,77.78,,,,,,,95.08,67.12,1,FLA,,,,,,,,,,,,,,,,,,,333.73,0,3,0,3,3,20.00,23,0.00,0.88,63,0,0,9,22,1,56,59,27,-,1696,1251,125,72,63.45,101.86,74.22,60.38,1.031
Hampus Lindholm,ANA,D,71,1597.2,30.0,22.5,88.92,D,61.0,1374.32,22.53,1599.63,100.0,62.5,ANA,BOS,0,1599.63,1582.59,0.0,97.19,73.87,1,Multi,ANA,BOS,0,1599.63,1582.59,0.0,97.18969555035129,96.72131147540983,0.0,100.0,100.0,0.0,73.87387387387388,71.49321266968326,0.0,62.5,87.5,0.0,333.56,1,3,1,2,4,33.33,12,8.33,0.29,33,1,0,2,16,1,9,41,13,-,1422,1545,76,72,51.35,72.81,80.34,53.16,1.013
Brett Pesce,CAR,D,70,1519.05,29.0,21.7,85.48,D,70.0,1519.05,21.7,1519.0,100.0,71.43,,,,,,,94.85,66.97,1,CAR,,,,,,,,,,,,,,,,,,,333.25,0,0,0,0,0,0.00,1,0.00,0.05,4,0,0,1,0,0,2,2,3,-,1436,1366,71,78,47.65,74.55,77.57,46.88,0.994
Evan Bouchard,EDM,D,81,1604.17,24.0,19.8,89.22,D,81.0,1604.17,19.8,1603.8,85.71,75.0,,,,,,,97.89,73.87,1,EDM,,,,,,,,,,,,,,,,,,,332.46999999999997,4,12,3,9,16,59.26,48,8.33,2.26,123,4,1,12,15,11,24,52,32,-,1728,1453,89,81,52.35,92.34,78.9,56.70,0.991
Dmitry Kulikov,MIN,D,80,1455.67,33.0,18.2,81.59,D,80.0,1455.67,18.2,1456.0,88.24,87.5,,,,,,,90.89,63.35,1,MIN,,,,,,,,,,,,,,,,,,,329.98,0,0,0,0,0,0.00,12,0.00,0.57,37,1,2,3,7,6,49,68,19,-,1241,1471,69,66,51.11,55.91,70.42,43.24,1.022
Alex Ovechkin,WSH,L,77,1584.03,38.0,20.57,88.32,F,77.0,1584.03,20.57,1583.89,94.12,66.67,,,,,,,97.18,71.62,1,WSH,,,,,,,,,,,,,,,,,,,329.59000000000003,0,0,0,0,0,0.00,3,0.00,0.32,9,2,0,1,1,0,12,2,0,-,1812,1258,129,77,62.62,106.09,66.83,55.67,1.019
Nate Schmidt,WPG,D,77,1556.12,32.0,20.21,87.43,D,77.0,1556.12,20.21,1556.17,93.33,66.67,,,,,,,96.74,70.27,1,WPG,,,,,,,,,,,,,,,,,,,327.01,1,0,0,0,1,50.00,4,25.00,0.17,12,0,0,0,0,1,4,4,6,-,1540,1436,75,68,52.45,81.38,73.27,44.87,1.007
Mika Zibanejad,NYR,C,81,1590.25,31.0,19.63,88.62,F,81.0,1590.25,19.63,1590.03,100.0,57.14,,,,,,,97.19,72.52,1,NYR,,,,,,,,,,,,,,,,,,,326.84999999999997,1,4,4,0,5,83.33,15,6.67,2.17,38,8,1,2,12,6,11,16,11,50.23,1587,1388,128,65,66.32,101.64,70.94,68.18,1.053
Phillip Danault,L.A,"C, L",79,1431.93,31.0,18.13,79.49,F,79.0,1431.93,18.13,1432.27,76.92,100.0,,,,,,,88.99,60.63,1,L.A,,,,,,,,,,,,,,,,,,,326.54,0,1,0,1,1,33.33,7,0.00,0.72,10,4,0,1,0,1,6,7,4,47.69,1664,1282,81,69,54.00,93.57,78.5,59.09,0.985
Elias Lindholm,CGY,C,82,1635.93,29.0,19.95,90.57,F,82.0,1635.93,19.95,1635.8999999999999,100.0,50.0,,,,,,,98.14,76.58,1,CGY,,,,,,,,,,,,,,,,,,,324.72,3,4,2,2,7,70.00,17,17.65,1.78,33,9,2,1,0,3,29,9,11,55.17,1883,1381,149,70,68.04,115.86,74.87,70.00,1.051
Samuel Girard,COL,D,67,1449.98,26.0,21.64,81.14,D,67.0,1449.98,21.64,1449.88,93.33,77.78,,,,,,,90.47,62.73,1,COL,,,,,,,,,,,,,,,,,,,324.30999999999995,0,3,0,3,3,37.50,8,0.00,0.34,30,0,0,2,4,1,10,22,14,-,1486,1327,77,68,53.10,62.19,62.52,52.17,1.008
William Nylander,TOR,"C, R",81,1480.12,28.0,18.27,82.78,F,81.0,1480.12,18.27,1479.87,86.67,77.78,,,,,,,92.52,64.41,1,TOR,,,,,,,,,,,,,,,,,,,321.38,3,0,0,0,3,75.00,17,17.65,1.13,26,6,3,4,2,1,5,6,5,80.00,1849,1218,121,82,59.61,109.8,64.2,54.08,1.005
Martin Fehervary,WSH,D,79,1552.58,24.0,19.65,86.98,D,79.0,1552.58,19.65,1552.35,88.24,66.67,,,,,,,96.71,69.37,1,WSH,,,,,,,,,,,,,,,,,,,320.99,2,1,0,1,3,100.00,8,25.00,0.38,14,1,1,0,0,0,13,12,6,-,1335,1599,76,78,49.35,67.95,80.73,48.75,1.01
Gustav Forsling,FLA,D,71,1506.48,28.0,21.22,84.73,D,71.0,1506.48,21.22,1506.62,93.75,66.67,,,,,,,94.61,65.77,1,FLA,,,,,,,,,,,,,,,,,,,320.8,4,6,5,1,10,52.63,45,8.89,1.71,102,4,3,4,10,14,36,40,19,-,1491,1424,94,76,55.29,79.49,79.9,55.21,1.015
Ryan O'Reilly,STL,C,78,1487.07,33.0,19.06,83.23,F,78.0,1487.07,19.06,1486.6799999999998,100.0,62.5,,,,,,,92.72,64.41,1,STL,,,,,,,,,,,,,,,,,,,319.63,0,1,1,0,1,25.00,7,0.00,0.52,9,4,0,1,2,3,1,9,7,45.74,1359,1282,100,65,60.61,80.48,80.43,57.69,1.035
Ryan Lindgren,NYR,D,78,1567.83,26.0,20.1,87.87,D,78.0,1567.83,20.1,1567.8000000000002,93.75,57.14,,,,,,,96.72,71.62,1,NYR,,,,,,,,,,,,,,,,,,,319.23,0,2,2,0,2,25.00,8,0.00,0.31,32,1,0,1,5,5,18,43,15,-,1191,1545,64,61,51.20,60.45,76.28,51.39,1.021
Gustav Nyquist,CBJ,C,82,1463.23,34.0,17.84,82.04,F,82.0,1463.23,17.84,1462.8799999999999,100.0,62.5,,,,,,,91.08,64.09,1,CBJ,,,,,,,,,,,,,,,,,,,317.67,1,2,2,0,3,100.00,5,20.00,0.99,13,4,1,0,1,6,6,8,2,40.00,1342,1459,95,105,47.50,74.61,83.23,44.55,1.003
Elias Pettersson,VAN,C,80,1487.45,25.0,18.59,83.38,F,80.0,1487.45,18.59,1487.2,92.86,66.67,,,,,,,93.22,64.71,1,VAN,,,,,,,,,,,,,,,,,,,317.46000000000004,0,3,1,2,3,60.00,15,0.00,1.68,38,8,0,2,5,5,22,21,11,51.19,1717,1216,104,61,63.03,97.7,67.13,57.65,1.026
Sebastian Aho,CAR,"C, R",79,1496.68,26.0,18.95,84.13,F,79.0,1496.68,18.95,1497.05,100.0,57.14,,,,,,,93.91,65.0,1,CAR,,,,,,,,,,,,,,,,,,,316.04999999999995,3,3,3,0,6,85.71,20,15.00,2.24,43,12,0,4,13,5,19,17,4,43.51,1703,1205,111,68,62.01,107.72,73.36,60.75,1.021
Sebastian Aho,CAR,"C, R",79,1496.68,26.0,18.95,84.13,F,79.0,1496.68,18.95,1497.05,100.0,57.14,,,,,,,93.91,65.0,1,CAR,,,,,,,,,,,,,,,,,,,316.04999999999995,3,3,3,0,6,85.71,20,15.00,2.24,43,12,0,4,13,5,19,17,4,43.51,480,566,26,30,46.43,21.42,27.01,56.00,1.007
Matt Roy,L.A,D,67,1405.9,29.0,20.98,77.69,D,67.0,1405.9,20.98,1405.66,69.23,100.0,,,,,,,87.35,58.82,1,L.A,,,,,,,,,,,,,,,,,,,315.4,0,1,0,1,1,25.00,5,0.00,0.33,16,1,0,0,1,0,15,8,9,-,1412,1294,68,61,52.71,73.46,69.26,60.00,0.995
Kevin Fiala,MIN,L,82,1446.73,27.0,17.64,80.39,F,82.0,1446.73,17.64,1446.48,88.24,75.0,,,,,,,89.95,61.99,1,MIN,,,,,,,,,,,,,,,,,,,315.18,1,0,0,0,1,33.33,14,7.14,0.82,29,4,1,1,2,2,10,5,2,-,1586,1231,110,74,59.78,80.32,66.72,62.07,1.021
Steven Stamkos,T.B,C,81,1495.18,34.0,18.46,83.98,F,81.0,1495.18,18.46,1495.26,93.33,62.5,,,,,,,93.95,65.16,1,T.B,,,,,,,,,,,,,,,,,,,314.94,2,1,0,1,3,75.00,6,33.33,0.88,15,5,0,2,2,1,22,5,2,49.15,1657,1192,140,70,66.67,99.05,71.26,62.86,1.05
Jake Guentzel,PIT,L,76,1527.4,29.0,20.1,86.23,F,76.0,1527.4,20.1,1527.6000000000001,100.0,50.0,,,,,,,95.56,68.92,1,PIT,,,,,,,,,,,,,,,,,,,314.48,3,3,1,2,6,85.71,22,13.64,2.72,43,15,2,2,5,7,7,15,10,40.00,1900,1310,126,70,64.29,115.46,75.68,61.90,1.03
Joe Pavelski,DAL,C,82,1514.87,39.0,18.47,85.18,F,82.0,1514.87,18.47,1514.54,100.0,50.0,,,,,,,94.63,67.27,1,DAL,,,,,,,,,,,,,,,,,,,311.9,1,2,2,0,3,60.00,21,4.76,3.37,60,16,5,4,10,9,31,18,14,49.09,1757,1256,115,72,61.50,102.12,64.65,72.34,1.017
Alex Wennberg,SEA,C,80,1427.52,29.0,17.84,78.97,F,80.0,1427.52,17.84,1427.2,100.0,62.5,,,,,,,87.67,61.71,1,SEA,,,,,,,,,,,,,,,,,,,311.88,1,1,0,1,2,50.00,11,9.09,1.43,25,9,2,2,4,3,11,31,24,43.33,1316,1161,62,84,42.47,61.79,68.38,45.21,0.957
Charlie Coyle,BOS,C,82,1426.82,32.0,17.4,78.74,F,82.0,1426.82,17.4,1426.8,100.0,62.5,,,,,,,87.35,61.71,1,BOS,,,,,,,,,,,,,,,,,,,311.56,1,2,2,0,3,75.00,16,6.25,2.46,35,14,1,4,2,5,53,25,18,49.68,1384,1304,73,78,48.34,73.85,68.95,41.56,0.98
Ilya Lyubushkin,ARI,D,77,1342.62,30.0,17.44,70.66,D,46.0,831.92,18.09,1392.93,100.0,66.67,ARI,TOR,0,1392.93,1268.1899999999998,0.0,85.71,58.45,1,Multi,ARI,TOR,0,1392.93,1268.1899999999998,0.0,85.71428571428572,72.42990654205607,0.0,100.0,73.33333333333334,0.0,58.44748858447488,47.51131221719457,0.0,66.66666666666666,55.55555555555556,0.0,310.83,0,3,1,2,3,50.00,3,0.00,0.22,9,1,0,1,7,2,28,18,7,-,1033,1347,52,78,40.00,48.65,64.19,43.10,0.993
Pierre-Luc Dubois,WPG,L,81,1532.97,25.0,18.93,86.53,F,81.0,1532.97,18.93,1533.33,93.33,50.0,,,,,,,96.27,68.92,1,WPG,,,,,,,,,,,,,,,,,,,308.52,1,0,0,0,1,33.33,3,33.33,0.5,10,1,0,0,3,1,23,12,1,46.77,1785,1323,106,74,58.89,104.61,74.96,59.79,1.01
Jean-Gabriel Pageau,NYI,C,77,1360.88,31.0,17.67,72.9,F,77.0,1360.88,17.67,1360.5900000000001,100.0,71.43,,,,,,,81.92,54.3,1,NYI,,,,,,,,,,,,,,,,,,,307.65,0,0,0,0,0,0.00,5,0.00,1.06,10,5,0,3,2,0,4,5,3,60.32,1200,1355,70,63,52.63,69.05,72.64,57.53,1.017
Matt Duchene,NSH,C,78,1483.07,33.0,19.01,82.93,F,78.0,1483.07,19.01,1482.7800000000002,91.67,57.14,,,,,,,92.52,64.86,1,NSH,,,,,,,,,,,,,,,,,,,306.19,1,2,2,0,3,50.00,21,4.76,2.27,55,9,1,7,16,15,19,35,21,53.91,1725,1191,131,77,62.98,94.49,66.03,65.14,1.027
Zach Hyman,EDM,"C, L",76,1479.33,32.0,19.46,82.63,F,76.0,1479.33,19.46,1478.96,85.71,62.5,,,,,,,92.27,64.86,1,EDM,,,,,,,,,,,,,,,,,,,305.34,9,6,4,2,15,62.50,56,16.07,7.54,103,36,3,10,5,4,47,62,8,100.00,1555,1371,89,80,52.66,94.46,75.86,57.14,1.003
Brandon Montour,FLA,D,81,1450.37,30.0,17.91,81.29,D,81.0,1450.37,17.91,1450.71,93.75,55.56,,,,,,,90.4,63.96,1,FLA,,,,,,,,,,,,,,,,,,,303.67,1,5,2,3,6,37.50,30,3.33,1.55,79,5,2,7,11,9,44,57,27,-,1627,1211,87,66,56.86,79.17,63.82,57.32,1.006
Vincent Trocheck,CAR,C,81,1447.78,30.0,17.87,80.54,F,81.0,1447.78,17.87,1447.47,92.86,57.14,,,,,,,89.93,62.44,1,CAR,,,,,,,,,,,,,,,,,,,302.37,3,5,4,1,8,66.67,23,13.04,3.73,57,18,2,9,6,8,57,44,13,55.56,1662,1161,95,45,67.86,96.22,71.25,61.11,1.037
Brayden McNabb,VGK,D,69,1359.3,33.0,19.7,72.6,D,69.0,1359.3,19.7,1359.3,94.12,71.43,,,,,,,81.65,54.3,1,VGK,,,,,,,,,,,,,,,,,,,301.5,1,2,1,1,3,60.00,13,7.69,0.41,29,1,0,2,3,1,11,17,19,-,1143,1451,59,75,44.03,60.51,71.94,46.34,0.99
Nathan MacKinnon,COL,C,65,1368.97,28.0,21.06,74.55,F,65.0,1368.97,21.06,1368.8999999999999,93.33,66.67,,,,,,,84.42,55.45,1,COL,,,,,,,,,,,,,,,,,,,299.87,3,4,3,1,7,63.64,36,8.33,2.53,71,9,0,9,11,8,8,12,13,45.56,1776,1144,124,65,65.61,102.88,62.64,58.82,1.028
Chris Kreider,NYR,L,81,1517.13,33.0,18.73,85.33,F,81.0,1517.13,18.73,1517.13,93.75,42.86,,,,,,,95.08,67.57,1,NYR,,,,,,,,,,,,,,,,,,,299.26,4,0,0,0,4,66.67,20,20.00,2.96,42,14,1,6,6,3,37,15,3,14.29,1560,1270,118,62,65.56,99.12,66.54,66.97,1.04
John Tavares,TOR,C,79,1427.52,33.0,18.07,78.97,F,79.0,1427.52,18.07,1427.53,80.0,66.67,,,,,,,88.55,61.71,1,TOR,,,,,,,,,,,,,,,,,,,296.93,0,1,1,0,1,33.33,11,0.00,0.67,21,5,1,0,4,6,28,12,4,55.36,1782,1208,119,79,60.10,105.39,62.67,57.58,1.011
Derek Forbort,BOS,D,76,1375.97,32.0,18.1,75.0,D,76.0,1375.97,18.1,1375.6000000000001,92.86,62.5,,,,,,,84.54,56.31,1,BOS,,,,,,,,,,,,,,,,,,,296.21000000000004,0,0,0,0,0,0.00,1,0.00,0.04,3,0,0,0,2,0,8,12,5,-,1033,1372,51,78,39.53,51.6,66.37,39.13,0.973
Brenden Dillon,WPG,D,79,1487.78,33.0,18.83,83.53,D,79.0,1487.78,18.83,1487.57,86.67,50.0,,,,,,,93.47,65.32,1,WPG,,,,,,,,,,,,,,,,,,,295.46,0,3,2,1,3,60.00,0,-,0.12,8,0,0,0,0,0,10,9,2,-,1289,1595,69,79,46.62,72.76,85.37,43.21,1.004
Roope Hintz,DAL,"C, L",80,1442.88,27.0,18.04,80.24,F,80.0,1442.88,18.04,1443.1999999999998,92.86,50.0,,,,,,,89.49,62.73,1,DAL,,,,,,,,,,,,,,,,,,,295.08,1,2,2,0,3,37.50,12,8.33,2.09,35,10,4,4,1,6,20,21,7,55.88,1646,1233,108,69,61.02,98.02,62.68,74.42,1.024
Nick Jensen,WSH,D,76,1470.25,33.0,19.35,82.34,D,76.0,1470.25,19.35,1470.6000000000001,88.24,50.0,,,,,,,91.78,64.86,1,WSH,,,,,,,,,,,,,,,,,,,294.88,0,0,0,0,0,-,1,0.00,0.1,4,0,0,0,4,1,0,5,1,-,1175,1449,74,68,52.11,56.77,72.0,46.48,1.024
Matthew Tkachuk,CGY,L,82,1467.6,26.0,17.9,82.19,F,82.0,1467.6,17.9,1467.8,87.5,50.0,,,,,,,91.84,64.41,1,CGY,,,,,,,,,,,,,,,,,,,293.75,4,7,6,1,11,61.11,56,7.14,4.88,95,25,3,9,13,7,59,30,5,0.00,1939,1040,147,51,74.24,114.32,54.87,72.38,1.052
Anthony Cirelli,T.B,C,76,1389.97,26.0,18.29,76.35,F,76.0,1389.97,18.29,1390.04,86.67,62.5,,,,,,,86.05,57.92,1,T.B,,,,,,,,,,,,,,,,,,,293.14,0,1,1,0,1,100.00,4,0.00,0.92,12,6,2,4,3,1,19,20,6,36.84,1288,1240,73,64,53.28,68.14,68.02,58.97,1.008
Brandon Hagel,CHI,L,77,1259.47,25.0,16.36,62.28,F,55.0,960.53,17.46,1344.42,87.5,71.43,CHI,T.B,0,1344.42,1046.43,0.0,80.19,53.39,1,Multi,CHI,T.B,0,1344.42,1046.43,0.0,80.18648018648018,51.28205128205128,0.0,87.5,53.333333333333336,0.0,53.39366515837104,30.316742081447963,0.0,71.42857142857143,37.5,0.0,292.51,1,1,0,1,2,100.00,5,20.00,0.55,13,2,1,0,4,4,10,19,3,33.33,1196,1175,71,80,47.02,59.79,65.16,50.63,0.987
Pius Suter,DET,C,82,1387.68,28.0,16.92,76.2,F,82.0,1387.68,16.92,1387.44,84.62,62.5,,,,,,,85.78,57.21,1,DET,,,,,,,,,,,,,,,,,,,290.11,2,1,1,0,3,37.50,21,9.52,3.97,41,22,2,5,0,4,13,11,4,25.00,1190,1345,54,81,40.00,65.31,72.74,39.39,0.978
Bo Horvat,VAN,C,70,1363.62,29.0,19.48,73.2,F,70.0,1363.62,19.48,1363.6000000000001,85.71,66.67,,,,,,,82.94,54.75,1,VAN,,,,,,,,,,,,,,,,,,,290.07,1,2,0,2,3,75.00,13,7.69,0.52,19,0,0,1,0,2,6,5,2,52.38,1539,1212,95,64,59.75,84.0,67.0,58.44,1.016
Tyler Seguin,DAL,C,81,1442.87,32.0,17.81,80.09,F,81.0,1442.87,17.81,1442.61,85.71,50.0,,,,,,,89.49,62.73,1,DAL,,,,,,,,,,,,,,,,,,,287.93,3,5,3,2,8,61.54,41,7.32,4.51,72,25,2,8,5,11,32,20,4,55.68,1484,1351,82,77,51.57,84.04,69.83,60.64,0.997
Brett Kulak,MTL,D,74,1313.85,30.0,17.75,67.07,D,56.0,1006.35,17.97,1329.78,93.75,62.5,MTL,EDM,0,1329.78,1263.9199999999998,0.0,77.8,52.47,1,Multi,MTL,EDM,0,1329.78,1263.9199999999998,0.0,77.80373831775701,72.36533957845434,0.0,93.75,71.42857142857143,0.0,52.46636771300449,47.51131221719457,0.0,62.5,50.0,0.0,286.52,1,6,4,2,7,53.85,20,5.00,0.77,54,0,2,5,13,6,19,59,39,-,1123,1170,57,69,45.24,52.92,56.72,37.88,0.986
Tyson Barrie,EDM,D,73,1384.12,32.0,18.96,75.75,D,73.0,1384.12,18.96,1384.0800000000002,78.57,62.5,,,,,,,85.48,57.66,1,EDM,,,,,,,,,,,,,,,,,,,284.21,0,0,0,0,0,-,0,-,0.0,2,0,0,0,0,0,0,1,0,-,1489,1163,97,58,62.58,85.36,58.77,65.28,1.035
Jonathan Marchessault,VGK,C,76,1336.15,33.0,17.58,70.06,F,76.0,1336.15,17.58,1336.08,94.12,57.14,,,,,,,78.82,53.39,1,VGK,,,,,,,,,,,,,,,,,,,283.46999999999997,2,1,1,0,3,60.00,23,8.70,1.83,36,6,1,5,4,2,23,7,3,50.00,1654,1060,82,59,58.16,89.4,58.87,57.89,0.979
Artemi Panarin,NYR,L,75,1441.68,32.0,19.22,79.94,F,75.0,1441.68,19.22,1441.5,87.5,42.86,,,,,,,89.23,63.06,1,NYR,,,,,,,,,,,,,,,,,,,282.65000000000003,3,5,2,3,8,72.73,35,8.57,1.96,73,6,4,6,9,2,11,13,6,-,1604,1226,115,49,70.12,93.5,62.33,71.43,1.059
Matt Grzelcyk,BOS,D,73,1367.65,30.0,18.73,74.25,D,73.0,1367.65,18.73,1367.29,92.86,50.0,,,,,,,83.37,55.86,1,BOS,,,,,,,,,,,,,,,,,,,282.09000000000003,0,0,0,0,0,0.00,3,0.00,0.17,5,0,1,0,2,1,6,8,5,-,1431,1057,75,48,60.98,67.96,45.66,64.62,1.002
Teuvo Teravainen,CAR,L,77,1362.87,29.0,17.7,73.05,F,77.0,1362.87,17.7,1362.8999999999999,85.71,57.14,,,,,,,82.67,54.75,1,CAR,,,,,,,,,,,,,,,,,,,280.27,1,2,1,1,3,75.00,15,6.67,1.13,42,3,0,5,6,3,3,13,6,25.00,1530,1084,101,50,66.89,99.17,67.04,64.77,1.036
Calvin de Haan,CHI,D,69,1308.08,33.0,18.96,66.77,D,69.0,1308.08,18.96,1308.24,81.25,71.43,,,,,,,75.81,49.32,1,CHI,,,,,,,,,,,,,,,,,,,277.81,0,0,0,0,0,-,0,-,0.01,1,0,0,0,1,0,1,1,1,-,1050,1351,40,80,33.33,44.39,63.85,31.58,0.957
Trevor Moore,L.A,C,81,1270.68,29.0,15.69,64.67,F,81.0,1270.68,15.69,1270.8899999999999,69.23,87.5,,,,,,,73.77,46.61,1,L.A,,,,,,,,,,,,,,,,,,,277.11,1,0,0,0,1,33.33,13,7.69,1.24,24,7,0,2,0,3,10,13,3,100.00,1360,1103,68,52,56.67,75.66,57.19,61.11,0.999
Mathew Barzal,NYI,C,73,1315.43,27.0,18.02,67.51,F,73.0,1315.43,18.02,1315.46,92.86,57.14,,,,,,,75.82,50.68,1,NYI,,,,,,,,,,,,,,,,,,,276.5,2,2,2,0,4,100.00,14,14.29,1.33,28,4,3,2,4,1,4,9,3,-,1432,1177,75,64,53.96,75.69,64.44,50.00,0.999
Tom Wilson,WSH,R,78,1449.42,30.0,18.58,80.84,F,78.0,1449.42,18.58,1449.2399999999998,88.24,33.33,,,,,,,90.61,63.51,1,WSH,,,,,,,,,,,,,,,,,,,275.69,0,1,1,0,1,50.00,4,0.00,0.62,10,2,0,3,1,1,11,8,5,-,1418,1232,98,77,56.00,78.77,66.62,45.88,1.011
Tyler Bertuzzi,DET,L,68,1351.37,29.0,19.87,71.86,F,68.0,1351.37,19.87,1351.16,76.92,62.5,,,,,,,81.35,54.05,1,DET,,,,,,,,,,,,,,,,,,,274.82,1,2,0,2,3,50.00,14,7.14,1.49,26,7,0,1,5,2,21,18,3,0.00,1363,1166,92,84,52.27,81.99,71.06,52.94,0.999
Ivan Barbashev,STL,C,81,1331.82,28.0,16.44,69.46,F,81.0,1331.82,16.44,1331.64,80.0,62.5,,,,,,,78.4,53.15,1,STL,,,,,,,,,,,,,,,,,,,274.05,0,4,2,2,4,80.00,8,0.00,0.68,17,2,1,1,1,6,41,8,1,0.00,1087,1346,86,71,54.78,60.53,70.27,51.25,1.045
Brock Boeser,VAN,R,71,1318.65,27.0,18.57,67.96,F,71.0,1318.65,18.57,1318.47,78.57,66.67,,,,,,,76.64,51.58,1,VAN,,,,,,,,,,,,,,,,,,,273.46,3,2,1,1,5,71.43,16,18.75,1.52,36,6,0,2,5,8,6,12,6,50.00,1575,1038,83,51,61.94,80.94,58.7,61.29,1.016
Connor Brown,OTT,R,64,1284.15,30.0,20.06,65.27,F,64.0,1284.15,20.06,1283.84,85.71,62.5,,,,,,,74.36,47.75,1,OTT,,,,,,,,,,,,,,,,,,,270.32,1,2,2,0,3,75.00,7,14.29,0.95,22,4,2,0,3,7,8,19,7,40.00,1209,1235,58,82,41.43,65.38,80.45,45.07,0.97
Andrei Svechnikov,CAR,R,78,1346.27,24.0,17.26,71.11,F,78.0,1346.27,17.26,1346.2800000000002,78.57,57.14,,,,,,,80.56,53.85,1,CAR,,,,,,,,,,,,,,,,,,,270.12,0,5,3,2,5,83.33,16,0.00,1.96,45,8,1,3,10,5,31,16,10,-,1719,1048,109,51,68.13,106.54,60.08,63.74,1.031
Jamie Benn,DAL,L,82,1372.83,34.0,16.74,74.7,F,82.0,1372.83,16.74,1372.6799999999998,78.57,50.0,,,,,,,85.05,55.91,1,DAL,,,,,,,,,,,,,,,,,,,269.53,3,5,2,3,8,72.73,23,13.04,2.9,55,14,4,3,5,10,47,28,10,65.63,1344,1400,67,73,47.86,77.41,68.96,56.47,0.996
Josh Manson,ANA,D,67,1270.13,32.0,18.96,64.52,D,45.0,887.25,19.72,1321.24,88.89,50.0,ANA,COL,0,1321.24,1165.8,0.0,77.05,51.8,1,Multi,ANA,COL,0,1321.24,1165.8,0.0,77.04918032786885,62.325581395348834,0.0,88.88888888888889,60.0,0.0,51.8018018018018,36.986301369863014,0.0,50.0,44.44444444444444,0.0,267.74,1,5,4,1,6,46.15,24,4.17,1.31,62,3,1,8,13,5,36,30,22,-,1055,1276,41,67,37.96,45.58,67.47,39.62,0.976
Tyler Toffoli,MTL,"C, R",74,1206.47,32.0,16.3,56.29,F,37.0,648.27,17.52,1296.48,93.75,50.0,CGY,MTL,0,1116.66,1296.48,0.0,74.47,49.11,2,Multi,CGY,MTL,0,1116.66,1296.48,0.0,57.242990654205606,74.47306791569088,0.0,62.5,93.75,0.0,34.68468468468468,49.10714285714286,0.0,0.0,50.0,0.0,267.33,2,0,0,0,2,100.00,8,25.00,0.62,17,4,0,2,1,0,8,9,2,80.00,1324,1050,75,63,54.35,76.15,55.98,50.75,0.997
Brad Marchand,BOS,L,70,1347.58,36.0,19.25,71.26,F,70.0,1347.58,19.25,1347.5,92.86,37.5,,,,,,,80.33,54.5,1,BOS,,,,,,,,,,,,,,,,,,,265.19,1,2,1,1,3,42.86,14,7.14,1.23,34,5,1,3,11,6,21,22,6,50.00,1689,1001,104,64,61.90,98.34,56.94,58.82,0.992
Nicolas Roy,VGK,C,78,1268.2,27.0,16.26,63.62,F,78.0,1268.2,16.26,1268.2800000000002,88.24,57.14,,,,,,,72.24,47.06,1,VGK,,,,,,,,,,,,,,,,,,,264.68,0,0,0,0,0,0.00,2,0.00,0.22,11,3,0,1,1,3,25,8,5,37.88,1420,1191,74,60,55.22,75.82,67.05,54.29,1.003
Sam Reinhart,FLA,C,78,1385.7,28.0,17.77,75.9,F,78.0,1385.7,17.77,1386.06,87.5,33.33,,,,,,,85.25,58.56,1,FLA,,,,,,,,,,,,,,,,,,,264.64,3,4,1,3,7,77.78,50,6.00,4.81,93,19,5,9,9,9,42,50,23,45.63,1633,1021,129,58,68.98,102.66,53.27,69.07,1.043
Brayden Point,T.B,C,66,1283.33,28.0,19.44,65.12,F,66.0,1283.33,19.44,1283.0400000000002,80.0,62.5,,,,,,,74.19,47.51,1,T.B,,,,,,,,,,,,,,,,,,,264.2,1,1,0,1,2,50.00,9,11.11,1.02,19,7,0,5,4,5,9,5,4,44.83,1448,1027,112,76,59.57,88.19,60.57,55.34,1.009
Brock Nelson,NYI,C,72,1272.6,32.0,17.67,64.82,F,72.0,1272.6,17.67,1272.2400000000002,85.71,57.14,,,,,,,73.47,47.51,1,NYI,,,,,,,,,,,,,,,,,,,263.83,2,0,0,0,2,100.00,6,33.33,0.73,11,2,1,1,2,1,2,4,6,48.39,1270,1185,83,68,54.97,73.29,66.64,53.01,1.013
Mark Scheifele,WPG,C,67,1415.97,31.0,21.13,78.44,F,67.0,1415.97,21.13,1415.71,80.0,33.33,,,,,,,87.18,62.61,1,WPG,,,,,,,,,,,,,,,,,,,263.12,2,1,0,1,3,60.00,7,28.57,0.73,15,6,0,0,1,2,13,13,5,58.97,1590,1247,102,86,54.26,92.33,76.1,48.91,0.99
James van Riemsdyk,PHI,L,82,1321.22,35.0,16.11,68.41,F,82.0,1321.22,16.11,1321.02,82.35,50.0,,,,,,,77.1,51.8,1,PHI,,,,,,,,,,,,,,,,,,,261.25,1,2,2,0,3,75.00,12,8.33,1.38,22,7,1,5,2,2,23,16,5,66.67,1402,1171,59,76,43.70,76.3,68.59,47.14,0.962
David Pastrnak,BOS,R,72,1339.38,28.0,18.6,70.36,F,72.0,1339.38,18.6,1339.2,85.71,37.5,,,,,,,79.39,54.5,1,BOS,,,,,,,,,,,,,,,,,,,257.09999999999997,3,2,0,2,5,71.43,27,11.11,3.25,66,19,4,8,11,3,24,29,9,62.50,1703,967,110,58,65.48,94.97,50.83,65.43,1.005
Kyle Okposo,BUF,R,74,1242.17,36.0,16.79,59.88,F,74.0,1242.17,16.79,1242.46,78.57,66.67,,,,,,,68.85,42.73,1,BUF,,,,,,,,,,,,,,,,,,,256.82,0,2,1,1,2,40.00,15,0.00,1.31,28,5,1,1,2,2,51,29,9,18.18,1027,1102,59,67,46.83,52.16,61.71,41.43,0.999
Tanner Jeannot,NSH,L,81,1294.98,27.0,15.99,65.87,F,81.0,1294.98,15.99,1295.19,75.0,57.14,,,,,,,75.0,48.65,1,NSH,,,,,,,,,,,,,,,,,,,255.79000000000002,0,1,1,0,1,100.00,3,0.00,0.38,7,2,1,0,0,0,17,8,1,-,991,1379,55,76,41.98,49.97,73.58,52.31,0.999
Jason Robertson,DAL,L,74,1340.23,24.0,18.11,70.51,F,74.0,1340.23,18.11,1340.1399999999999,71.43,50.0,,,,,,,80.14,54.09,1,DAL,,,,,,,,,,,,,,,,,,,255.66000000000003,4,5,2,3,9,90.00,31,12.90,2.86,72,14,8,7,10,17,24,33,20,-,1656,1091,114,62,64.77,93.99,58.5,77.17,1.027
Conor Garland,VAN,R,77,1261.77,28.0,16.39,62.43,F,77.0,1261.77,16.39,1262.03,71.43,66.67,,,,,,,71.26,46.15,1,VAN,,,,,,,,,,,,,,,,,,,255.51,3,2,2,0,5,62.50,21,14.29,2.09,52,5,2,2,2,2,9,30,11,-,1348,1035,72,48,60.00,66.04,51.01,60.00,1.008
Matt Dumba,MIN,D,57,1316.23,29.0,23.09,67.81,D,57.0,1316.23,23.09,1316.1299999999999,76.47,50.0,,,,,,,76.64,52.04,1,MIN,,,,,,,,,,,,,,,,,,,255.15,0,0,0,0,0,0.00,5,0.00,0.32,17,2,0,3,3,2,24,15,5,-,1196,1264,69,70,49.64,59.07,58.58,54.17,1.004
Dylan DeMelo,WPG,D,76,1405.93,31.0,18.5,77.84,D,76.0,1405.93,18.5,1406.0,73.33,33.33,,,,,,,87.18,61.26,1,WPG,,,,,,,,,,,,,,,,,,,255.09999999999997,0,1,1,0,1,33.33,5,0.00,0.07,12,0,0,3,1,2,17,23,2,-,1153,1462,52,73,41.60,60.48,79.98,47.30,0.99
Anders Lee,NYI,"C, L",76,1264.02,33.0,16.63,63.32,F,76.0,1264.02,16.63,1263.8799999999999,78.57,57.14,,,,,,,72.07,46.61,1,NYI,,,,,,,,,,,,,,,,,,,254.39,0,2,2,0,2,100.00,12,0.00,1.22,22,7,0,2,3,0,13,3,2,-,1357,1176,87,72,54.72,77.8,65.39,57.83,1.011
Jordan Staal,CAR,C,78,1297.3,35.0,16.63,66.17,F,78.0,1297.3,16.63,1297.1399999999999,71.43,57.14,,,,,,,75.41,49.32,1,CAR,,,,,,,,,,,,,,,,,,,253.3,1,1,1,0,2,40.00,28,3.57,3.55,45,18,0,4,4,0,46,17,6,56.21,1219,1048,61,56,52.14,67.3,65.44,51.47,0.996
Aleksander Barkov,FLA,C,67,1360.32,28.0,20.3,72.75,F,67.0,1360.32,20.3,1360.1000000000001,81.25,33.33,,,,,,,82.2,55.86,1,FLA,,,,,,,,,,,,,,,,,,,252.64,5,4,3,1,9,75.00,42,11.90,4.35,77,23,4,7,10,23,43,38,14,55.41,1615,1087,126,66,65.63,97.73,66.49,67.37,1.03
Ilya Lyubushkin,TOR,D,77,1342.62,30.0,17.44,70.66,D,31.0,510.7,16.47,1268.1899999999998,73.33,55.56,ARI,TOR,0,1392.93,1268.1899999999998,0.0,72.43,47.51,2,Multi,ARI,TOR,0,1392.93,1268.1899999999998,0.0,85.71428571428572,72.42990654205607,0.0,100.0,73.33333333333334,0.0,58.44748858447488,47.51131221719457,0.0,66.66666666666666,55.55555555555556,0.0,248.82999999999998,0,3,1,2,3,50.00,3,0.00,0.22,9,1,0,1,7,2,28,18,7,-,1033,1347,52,78,40.00,48.65,64.19,43.10,0.993
Evgenii Dadonov,VGK,R,78,1233.15,35.0,15.81,58.68,F,78.0,1233.15,15.81,1233.18,82.35,57.14,,,,,,,67.53,41.18,1,VGK,,,,,,,,,,,,,,,,,,,248.2,3,4,3,1,7,77.78,25,12.00,3.97,60,21,4,8,3,5,21,22,15,-,1398,1017,75,53,58.59,73.56,52.05,61.97,1.003
Barclay Goodrow,NYR,C,79,1320.27,31.0,16.71,68.11,F,79.0,1320.27,16.71,1320.0900000000001,75.0,42.86,,,,,,,77.05,51.8,1,NYR,,,,,,,,,,,,,,,,,,,246.70999999999998,3,2,1,1,5,100.00,10,30.00,1.32,23,6,1,4,4,4,41,25,19,41.74,978,1418,56,60,48.28,54.2,72.89,49.30,1.028
Anthony Beauvillier,NYI,L,75,1262.5,27.0,16.83,62.72,F,75.0,1262.5,16.83,1262.2499999999998,71.43,57.14,,,,,,,71.6,46.15,1,NYI,,,,,,,,,,,,,,,,,,,246.32,1,1,1,0,2,100.00,9,11.11,0.63,15,4,2,2,0,1,12,3,0,100.00,1176,1208,61,57,51.69,64.4,61.69,52.24,1.014
Colton Sissons,NSH,C,79,1276.82,30.0,16.16,64.97,F,79.0,1276.82,16.16,1276.64,66.67,57.14,,,,,,,74.3,47.75,1,NSH,,,,,,,,,,,,,,,,,,,245.86,1,0,0,0,1,33.33,8,12.50,1.32,11,5,0,1,4,3,16,9,6,45.16,958,1360,46,71,39.32,50.27,71.6,49.15,0.994
Ian Cole,CAR,D,75,1286.52,35.0,17.15,65.42,D,75.0,1286.52,17.15,1286.25,64.29,57.14,,,,,,,74.94,47.96,1,CAR,,,,,,,,,,,,,,,,,,,244.32999999999998,0,2,2,0,2,40.00,3,0.00,0.26,21,0,1,4,8,2,18,28,21,-,1181,1056,54,50,51.92,61.22,57.2,48.00,0.996
William Karlsson,VGK,C,67,1224.88,31.0,18.28,58.08,F,67.0,1224.88,18.28,1224.76,76.47,57.14,,,,,,,66.82,41.18,1,VGK,,,,,,,,,,,,,,,,,,,241.61,0,1,0,1,1,50.00,7,0.00,0.28,21,1,2,2,3,2,8,8,4,59.38,1399,1062,63,65,49.22,73.31,58.13,43.08,0.956
Brett Kulak,EDM,D,74,1313.85,30.0,17.75,67.07,D,18.0,307.5,17.08,1263.9199999999998,71.43,50.0,MTL,EDM,0,1329.78,1263.9199999999998,0.0,72.37,47.51,2,Multi,MTL,EDM,0,1329.78,1263.9199999999998,0.0,77.80373831775701,72.36533957845434,0.0,93.75,71.42857142857143,0.0,52.46636771300449,47.51131221719457,0.0,62.5,50.0,0.0,241.31,1,6,4,2,7,53.85,20,5.00,0.77,54,0,2,5,13,6,19,59,39,-,1123,1170,57,69,45.24,52.92,56.72,37.88,0.986
Jack Johnson,COL,D,74,1239.62,37.0,16.75,59.28,D,74.0,1239.62,16.75,1239.5,73.33,55.56,,,,,,,68.6,42.73,1,COL,,,,,,,,,,,,,,,,,,,240.21999999999997,0,0,0,0,0,0.00,4,0.00,0.15,15,0,0,3,3,2,21,16,8,-,1017,1371,44,58,43.14,47.39,67.88,43.86,1.004
Evan Rodrigues,PIT,C,82,1298.63,30.0,15.84,66.32,F,82.0,1298.63,15.84,1298.8799999999999,81.25,33.33,,,,,,,75.47,50.0,1,PIT,,,,,,,,,,,,,,,,,,,240.05,5,6,5,1,11,73.33,36,13.89,2.66,67,14,5,1,8,14,48,55,8,53.16,1476,991,73,56,56.59,77.77,54.69,51.47,0.988
Zach Parise,NYI,L,82,1253.13,39.0,15.28,61.23,F,82.0,1253.13,15.28,1252.96,64.29,57.14,,,,,,,70.66,44.8,1,NYI,,,,,,,,,,,,,,,,,,,236.89,2,1,1,0,3,37.50,19,10.53,3.19,31,13,0,7,2,2,30,23,9,0.00,1152,1295,63,57,52.50,65.0,64.43,51.79,1.012
Trevor van Riemsdyk,WSH,D,72,1257.7,32.0,17.47,61.98,D,72.0,1257.7,17.47,1257.84,82.35,33.33,,,,,,,70.66,46.85,1,WSH,,,,,,,,,,,,,,,,,,,233.19,0,0,0,0,0,-,2,0.00,0.06,5,0,0,1,0,0,1,3,5,-,993,1275,49,70,41.18,46.6,62.97,38.24,0.984
Mike Reilly,BOS,D,70,1325.65,30.0,18.94,68.86,D,70.0,1325.65,18.94,1325.8000000000002,64.29,37.5,,,,,,,78.22,53.15,1,BOS,,,,,,,,,,,,,,,,,,,233.16000000000003,0,0,0,0,0,0.00,6,0.00,0.1,10,0,1,0,4,1,0,10,7,-,1413,1098,53,57,48.18,65.6,51.89,47.37,0.971
Dante Fabbro,NSH,D,66,1256.88,25.0,19.04,61.83,D,66.0,1256.88,19.04,1256.6399999999999,58.33,57.14,,,,,,,71.26,45.95,1,NSH,,,,,,,,,,,,,,,,,,,232.68,0,0,0,0,0,0.00,1,0.00,0.16,5,0,0,0,1,0,0,8,4,-,1170,1230,65,64,50.39,55.18,53.77,54.41,1.005
David Kampf,TOR,C,82,1251.73,29.0,15.26,60.78,F,82.0,1251.73,15.26,1251.32,73.33,44.44,,,,,,,70.09,44.14,1,TOR,,,,,,,,,,,,,,,,,,,232.0,1,0,0,0,1,50.00,10,10.00,0.42,16,2,1,1,2,1,12,16,0,59.57,956,1184,54,65,45.38,47.78,57.73,48.39,0.999
Tony DeAngelo,CAR,D,64,1267.03,28.0,19.8,63.47,D,64.0,1267.03,19.8,1267.2,64.29,42.86,,,,,,,72.6,47.51,1,CAR,,,,,,,,,,,,,,,,,,,227.26,0,2,0,2,2,33.33,15,0.00,0.47,31,0,0,4,3,0,8,14,7,-,1536,1003,105,43,70.95,88.37,56.44,69.23,1.05
Jeremy Lauzon,SEA,D,66,1166.55,27.0,17.68,53.44,D,53.0,944.18,17.81,1175.4599999999998,77.78,50.0,SEA,NSH,0,1175.4599999999998,1129.26,0.0,62.33,37.1,1,Multi,SEA,NSH,0,1175.4599999999998,1129.26,0.0,62.325581395348834,59.112149532710276,0.0,77.77777777777777,33.333333333333336,0.0,37.10407239819005,34.38914027149321,0.0,50.0,42.85714285714286,0.0,227.21,0,0,0,0,0,0.00,3,0.00,0.11,6,0,0,0,1,0,21,13,4,-,870,1193,42,72,36.84,40.98,60.49,37.93,0.98
Artturi Lehkonen,COL,L,74,1117.03,28.0,15.1,49.1,F,16.0,263.03,16.44,1216.5600000000002,73.33,44.44,MTL,COL,0,1089.28,1216.5600000000002,0.0,65.73,41.36,2,Multi,MTL,COL,0,1089.28,1216.5600000000002,0.0,53.62997658079625,65.73426573426573,0.0,56.25,73.33333333333334,0.0,33.035714285714285,41.36363636363636,0.0,37.5,44.44444444444444,0.0,224.86,4,2,1,1,6,66.67,26,15.38,3.16,45,16,1,5,5,3,26,17,7,100.00,1034,1090,50,60,45.45,52.85,56.88,44.26,0.991
Vladimir Tarasenko,STL,R,75,1268.35,32.0,16.91,63.77,F,75.0,1268.35,16.91,1268.25,66.67,37.5,,,,,,,72.77,47.75,1,STL,,,,,,,,,,,,,,,,,,,224.69,3,4,1,3,7,58.33,35,8.57,4.48,62,20,6,9,9,1,43,42,18,-,1286,1152,110,72,60.44,77.28,72.51,62.35,1.041
Luke Schenn,VAN,D,66,1135.5,34.0,17.2,51.05,D,66.0,1135.5,17.2,1135.2,64.29,66.67,,,,,,,59.11,34.39,1,VAN,,,,,,,,,,,,,,,,,,,224.46000000000004,0,0,0,0,0,0.00,5,0.00,0.07,14,0,1,0,3,2,14,7,5,-,934,1116,46,46,50.00,43.16,58.65,51.92,1.012
Carter Verhaeghe,FLA,C,78,1252.13,28.0,16.05,61.08,F,78.0,1252.13,16.05,1251.9,75.0,33.33,,,,,,,70.02,45.5,1,FLA,,,,,,,,,,,,,,,,,,,223.84999999999997,4,6,2,4,10,76.92,44,9.09,4.9,96,25,4,13,8,8,25,45,11,34.38,1469,1000,77,50,60.63,78.4,56.09,55.56,1.01
Zach Whitecloud,VGK,D,59,1109.05,27.0,18.8,48.35,D,59.0,1109.05,18.8,1109.2,70.59,57.14,,,,,,,55.76,33.03,1,VGK,,,,,,,,,,,,,,,,,,,216.51999999999998,0,0,0,0,0,0.00,3,0.00,0.14,14,0,0,1,1,2,8,20,5,-,1007,1075,63,61,50.81,50.61,52.86,52.46,1.003
Dylan Strome,CHI,C,69,1203.4,27.0,17.44,55.84,F,69.0,1203.4,17.44,1203.3600000000001,68.75,42.86,,,,,,,64.42,39.82,1,CHI,,,,,,,,,,,,,,,,,,,215.85000000000002,0,1,0,1,1,50.00,6,0.00,1.3,12,6,0,1,4,1,4,7,2,44.00,1246,1041,74,56,56.92,62.92,53.43,55.36,1.004
Filip Forsberg,NSH,L,69,1248.75,29.0,18.1,60.33,F,69.0,1248.75,18.1,1248.9,58.33,42.86,,,,,,,69.86,44.59,1,NSH,,,,,,,,,,,,,,,,,,,215.64,1,2,1,1,3,75.00,13,7.69,1.26,37,3,1,5,1,3,17,7,2,-,1478,983,116,62,65.17,82.02,53.22,68.89,1.037
Jack Roslovic,CBJ,C,81,1156.78,27.0,14.28,52.69,F,81.0,1156.78,14.28,1156.6799999999998,66.67,50.0,,,,,,,61.03,36.36,1,CBJ,,,,,,,,,,,,,,,,,,,214.06,0,6,1,5,6,100.00,17,0.00,1.22,38,2,2,6,9,2,10,20,8,33.33,1105,1092,64,57,52.89,53.82,55.91,50.00,1.019
Blake Wheeler,WPG,R,65,1270.02,37.0,19.54,64.37,F,65.0,1270.02,19.54,1270.1,73.33,16.67,,,,,,,73.66,48.65,1,WPG,,,,,,,,,,,,,,,,,,,212.31,0,0,0,0,0,-,0,-,0.0,1,0,0,0,0,1,4,0,2,100.00,1374,1114,80,68,54.05,78.25,66.78,47.95,0.997
Valeri Nichushkin,COL,R,62,1179.62,29.0,19.03,54.49,F,62.0,1179.62,19.03,1179.8600000000001,66.67,44.44,,,,,,,63.02,38.18,1,COL,,,,,,,,,,,,,,,,,,,212.31,2,0,0,0,2,28.57,13,15.38,1.67,29,5,1,1,0,0,18,11,7,-,1389,986,91,54,62.76,70.65,53.39,63.77,1.027
Martin Necas,CAR,C,78,1262.0,25.0,16.18,62.57,F,78.0,1262.0,16.18,1262.04,64.29,28.57,,,,,,,71.66,47.06,1,CAR,,,,,,,,,,,,,,,,,,,211.57999999999998,2,3,1,2,5,71.43,19,10.53,1.7,54,6,0,3,8,5,13,17,3,40.00,1313,1048,62,56,52.54,63.43,59.3,48.39,0.997
Radek Faksa,DAL,C,77,1214.22,30.0,15.77,56.89,F,77.0,1214.22,15.77,1214.29,64.29,37.5,,,,,,,65.42,41.36,1,DAL,,,,,,,,,,,,,,,,,,,208.57,1,0,0,0,1,100.00,8,12.50,0.62,18,2,0,1,2,2,26,14,5,47.62,817,1215,27,61,30.68,41.06,58.24,36.73,0.967
Sam Bennett,FLA,C,71,1203.47,27.0,16.95,55.99,F,71.0,1203.47,16.95,1203.45,68.75,33.33,,,,,,,64.4,40.54,1,FLA,,,,,,,,,,,,,,,,,,,207.01999999999998,4,3,2,1,7,70.00,23,17.39,3.56,77,19,2,10,11,6,72,31,4,55.70,1388,936,86,45,65.65,82.11,54.47,68.75,1.026
Mikey Anderson,L.A,D,57,1146.63,25.0,20.12,51.95,D,57.0,1146.63,20.12,1146.8400000000001,61.54,50.0,,,,,,,59.72,35.75,1,L.A,,,,,,,,,,,,,,,,,,,207.01,1,2,0,2,3,42.86,8,12.50,0.4,19,1,0,2,2,0,16,13,7,-,1028,1060,49,63,43.75,50.34,54.43,43.75,0.975
Vladislav Namestnikov,DET,C,75,1098.85,31.0,14.65,47.01,F,60.0,913.93,15.23,1142.25,61.54,50.0,DET,DAL,0,1142.25,924.75,0.0,59.58,35.14,1,Multi,DET,DAL,0,1142.25,924.75,0.0,59.57943925233645,40.28103044496487,0.0,61.53846153846154,28.571428571428573,0.0,35.13513513513514,24.545454545454543,0.0,50.0,37.5,0.0,206.26,1,0,0,0,1,50.00,3,33.33,0.78,5,3,0,0,0,0,7,4,2,37.50,818,1059,47,57,45.19,45.77,54.58,57.69,1.001
Corey Perry,T.B,R,82,1108.15,39.0,13.51,48.2,F,82.0,1108.15,13.51,1107.82,66.67,50.0,,,,,,,55.58,33.03,1,T.B,,,,,,,,,,,,,,,,,,,205.28,0,2,1,1,2,66.67,11,0.00,2.0,24,11,1,3,5,8,17,28,2,-,1076,837,64,37,63.37,61.75,44.3,73.91,1.026
Ryan Nugent-Hopkins,EDM,C,63,1217.05,31.0,19.32,57.34,F,63.0,1217.05,19.32,1217.16,71.43,25.0,,,,,,,65.81,41.89,1,EDM,,,,,,,,,,,,,,,,,,,204.13,2,9,1,8,11,61.11,17,11.76,1.86,40,10,2,3,5,5,32,26,9,37.10,1244,1083,92,57,61.74,75.38,58.06,56.52,1.041
Josh Manson,COL,D,67,1270.13,32.0,18.96,64.52,D,22.0,382.88,17.4,1165.8,60.0,44.44,ANA,COL,0,1321.24,1165.8,0.0,62.33,36.99,2,Multi,ANA,COL,0,1321.24,1165.8,0.0,77.04918032786885,62.325581395348834,0.0,88.88888888888889,60.0,0.0,51.8018018018018,36.986301369863014,0.0,50.0,44.44444444444444,0.0,203.76,1,5,4,1,6,46.15,24,4.17,1.31,62,3,1,8,13,5,36,30,22,-,1055,1276,41,67,37.96,45.58,67.47,39.62,0.976
Carson Soucy,SEA,D,64,1130.23,29.0,17.66,50.45,D,64.0,1130.23,17.66,1130.24,72.22,37.5,,,,,,,58.37,34.68,1,SEA,,,,,,,,,,,,,,,,,,,202.76999999999998,1,2,0,2,3,37.50,3,33.33,0.16,14,0,0,0,9,4,26,22,8,-,944,1007,57,59,49.14,49.2,55.18,47.69,0.997
Nikita Zadorov,CGY,D,74,1251.35,29.0,16.91,60.63,D,74.0,1251.35,16.91,1251.34,68.75,16.67,,,,,,,70.16,45.5,1,CGY,,,,,,,,,,,,,,,,,,,201.07999999999998,4,3,0,3,7,87.50,19,21.05,0.54,46,1,2,4,5,3,40,33,13,-,1320,976,50,44,53.19,57.16,50.21,55.00,0.994
Alexis Lafreni√®re,NYR,L,79,1105.73,22.0,14.0,47.9,F,79.0,1105.73,14.0,1106.0,62.5,42.86,,,,,,,55.5,33.33,1,NYR,,,,,,,,,,,,,,,,,,,194.19,7,3,1,2,10,76.92,35,20.00,3.53,66,13,1,2,2,10,39,29,6,40.00,1003,929,49,40,55.06,50.88,42.45,57.38,1.011
Luke Glendening,DAL,C,82,1157.48,35.0,14.12,52.84,F,82.0,1157.48,14.12,1157.84,57.14,37.5,,,,,,,61.68,36.82,1,DAL,,,,,,,,,,,,,,,,,,,193.14,0,0,0,0,0,0.00,3,0.00,0.84,6,4,0,1,0,0,16,5,0,63.64,753,1194,23,63,26.74,36.61,55.27,31.11,0.957
Yakov Trenin,NSH,C,80,1173.42,27.0,14.67,53.74,F,80.0,1173.42,14.67,1173.6,50.0,42.86,,,,,,,62.62,37.39,1,NSH,,,,,,,,,,,,,,,,,,,192.87,1,0,0,0,1,33.33,8,12.50,0.94,23,5,0,2,1,3,28,16,2,45.31,928,1143,39,41,48.75,45.15,60.19,54.35,1.014
Viktor Arvidsson,L.A,L,66,1120.63,31.0,16.98,49.55,F,66.0,1120.63,16.98,1120.68,61.54,37.5,,,,,,,57.38,33.94,1,L.A,,,,,,,,,,,,,,,,,,,190.35999999999999,0,3,2,1,3,100.00,10,0.00,0.81,21,3,0,2,3,5,12,7,5,50.00,1425,893,68,52,56.67,79.89,48.02,56.94,0.98
Pavel Zacha,N.J,C,70,1178.88,27.0,16.84,54.34,F,70.0,1178.88,16.84,1178.8,71.43,16.67,,,,,,,62.62,38.74,1,N.J,,,,,,,,,,,,,,,,,,,189.46000000000004,1,5,3,2,6,75.00,14,7.14,1.43,23,6,0,4,7,2,24,17,1,42.73,1261,953,60,71,45.80,62.44,55.24,46.67,0.957
Anthony Duclair,FLA,L,74,1109.75,28.0,15.0,48.5,F,74.0,1109.75,15.0,1110.0,62.5,33.33,,,,,,,56.21,34.23,1,FLA,,,,,,,,,,,,,,,,,,,186.26999999999998,0,2,2,0,2,100.00,4,0.00,0.79,11,5,0,1,1,0,6,11,5,0.00,1327,887,102,46,68.92,78.03,53.16,73.75,1.045
Erik Cernak,T.B,D,55,1053.42,27.0,19.15,44.46,D,55.0,1053.42,19.15,1053.25,53.33,50.0,,,,,,,51.63,31.22,1,T.B,,,,,,,,,,,,,,,,,,,186.18,0,1,0,1,1,33.33,2,0.00,0.07,11,0,0,1,3,1,18,16,6,-,867,1017,43,54,44.33,44.75,53.24,47.37,0.992
Adam Lowry,WPG,"C, L",79,1222.95,31.0,15.48,57.93,F,79.0,1222.95,15.48,1222.92,60.0,16.67,,,,,,,67.13,42.34,1,WPG,,,,,,,,,,,,,,,,,,,186.14,2,0,0,0,2,66.67,4,50.00,0.99,12,6,1,1,1,0,22,8,3,63.77,1013,1274,40,63,38.83,57.1,68.17,37.50,0.986
Jake DeBrusk,BOS,L,77,1157.92,27.0,15.04,52.99,F,77.0,1157.92,15.04,1158.08,57.14,25.0,,,,,,,61.83,37.39,1,BOS,,,,,,,,,,,,,,,,,,,181.36,1,3,3,0,4,100.00,16,6.25,1.37,27,9,4,3,1,1,47,27,8,0.00,1236,932,56,45,55.45,61.88,46.62,50.94,0.991
Ryan Pulock,NYI,D,56,1183.58,29.0,21.14,54.79,D,56.0,1183.58,21.14,1183.8400000000001,50.0,28.57,,,,,,,63.38,39.37,1,NYI,,,,,,,,,,,,,,,,,,,181.32,0,3,0,3,3,60.00,2,0.00,0.07,10,0,2,3,4,1,11,5,9,-,1030,1205,62,57,52.10,55.53,59.17,57.14,1.02
Calle Jarnkrok,SEA,C,66,1058.42,32.0,16.04,45.06,F,49.0,823.27,16.8,1108.8,66.67,25.0,SEA,CGY,0,1108.8,912.78,0.0,55.94,33.33,1,Multi,SEA,CGY,0,1108.8,912.78,0.0,55.94405594405594,39.018691588785046,0.0,66.66666666666666,31.25,0.0,33.333333333333336,25.225225225225227,0.0,25.0,0.0,0.0,180.94,0,0,0,0,0,-,7,0.00,0.74,19,2,0,2,1,0,7,8,3,55.56,1016,919,49,64,43.36,48.75,52.41,43.18,0.965
Artturi Lehkonen,MTL,L,74,1117.03,28.0,15.1,49.1,F,58.0,854.0,14.72,1089.28,56.25,37.5,MTL,COL,0,1089.28,1216.5600000000002,0.0,53.63,33.04,1,Multi,MTL,COL,0,1089.28,1216.5600000000002,0.0,53.62997658079625,65.73426573426573,0.0,56.25,73.33333333333334,0.0,33.035714285714285,41.36363636363636,0.0,37.5,44.44444444444444,0.0,180.42000000000002,4,2,1,1,6,66.67,26,15.38,3.16,45,16,1,5,5,3,26,17,7,100.00,1034,1090,50,60,45.45,52.85,56.88,44.26,0.991
Adam Henrique,ANA,C,58,1010.33,34.0,17.42,40.72,F,58.0,1010.33,17.42,1010.3600000000001,66.67,37.5,,,,,,,45.9,29.6,1,ANA,,,,,,,,,,,,,,,,,,,179.67000000000002,3,3,2,1,6,85.71,9,33.33,1.11,13,7,1,1,6,7,45,18,10,47.92,1067,879,71,54,56.80,59.19,47.08,57.14,1.014
Keegan Kolesar,VGK,R,77,975.07,27.0,12.66,38.32,F,77.0,975.07,12.66,974.82,64.71,42.86,,,,,,,42.82,28.05,1,VGK,,,,,,,,,,,,,,,,,,,178.44,0,0,0,0,0,0.00,5,0.00,0.26,7,2,1,1,0,0,20,8,3,100.00,882,909,38,48,44.19,47.37,48.09,45.10,0.982
Pierre Engvall,TOR,L,78,1035.97,28.0,13.28,43.56,F,78.0,1035.97,13.28,1035.84,53.33,44.44,,,,,,,50.47,29.73,1,TOR,,,,,,,,,,,,,,,,,,,177.97,1,0,0,0,1,50.00,9,11.11,0.95,14,6,2,3,5,1,4,3,1,42.86,984,856,45,36,55.56,50.7,41.06,50.00,1.008
Vasily Podkolzin,VAN,R,79,1010.55,22.0,12.79,41.02,F,79.0,1010.55,12.79,1010.41,57.14,44.44,,,,,,,46.73,29.41,1,VAN,,,,,,,,,,,,,,,,,,,177.72,0,0,0,0,0,0.00,2,0.00,0.25,4,1,0,0,0,1,6,2,1,-,961,912,46,33,58.23,42.98,41.35,52.50,1.019
Andrew Cogliano,S.J,C,74,937.57,37.0,12.67,35.18,F,56.0,739.27,13.2,976.8,60.0,44.44,S.J,COL,0,976.8,815.48,0.0,43.43,27.73,1,Multi,S.J,COL,0,976.8,815.48,0.0,43.42723004694836,30.3030303030303,0.0,60.0,20.0,0.0,27.727272727272727,19.545454545454543,0.0,44.44444444444444,33.33333333333333,0.0,175.6,0,4,3,1,4,100.00,3,0.00,0.16,6,1,1,1,1,2,5,7,5,40.00,648,994,28,57,32.94,29.49,47.07,31.82,0.967
Sonny Milano,ANA,L,66,1008.35,28.0,15.28,40.57,F,66.0,1008.35,15.28,1008.4799999999999,61.11,37.5,,,,,,,45.9,29.6,1,ANA,,,,,,,,,,,,,,,,,,,174.11,0,0,0,0,0,0.00,2,0.00,0.14,3,1,0,1,2,0,2,11,1,0.00,1052,801,59,43,57.84,54.03,40.42,55.10,1.008
Brandon Hagel,T.B,L,77,1259.47,25.0,16.36,62.28,F,22.0,298.93,13.59,1046.43,53.33,37.5,CHI,T.B,0,1344.42,1046.43,0.0,51.28,30.32,2,Multi,CHI,T.B,0,1344.42,1046.43,0.0,80.18648018648018,51.28205128205128,0.0,87.5,53.333333333333336,0.0,53.39366515837104,30.316742081447963,0.0,71.42857142857143,37.5,0.0,172.43,1,1,0,1,2,100.00,5,20.00,0.55,13,2,1,0,4,4,10,19,3,33.33,1196,1175,71,80,47.02,59.79,65.16,50.63,0.987
Nicolas Hague,VGK,D,52,969.83,25.0,18.65,37.72,D,52.0,969.83,18.65,969.8,58.82,42.86,,,,,,,42.35,27.6,1,VGK,,,,,,,,,,,,,,,,,,,171.63,0,0,0,0,0,-,1,0.00,0.02,3,0,0,1,0,0,4,4,0,-,943,949,53,56,48.62,46.6,48.2,46.55,0.982
Eetu Luostarinen,FLA,C,78,1047.62,25.0,13.43,43.86,F,78.0,1047.62,13.43,1047.54,56.25,33.33,,,,,,,50.82,30.18,1,FLA,,,,,,,,,,,,,,,,,,,170.57999999999998,1,4,2,2,5,55.56,21,4.76,2.5,53,12,4,5,7,13,52,64,8,56.25,977,1010,41,53,43.62,48.23,53.65,44.26,0.988
Jeremy Lauzon,NSH,D,66,1166.55,27.0,17.68,53.44,D,13.0,222.37,17.11,1129.26,33.33,42.86,SEA,NSH,0,1175.4599999999998,1129.26,0.0,59.11,34.39,2,Multi,SEA,NSH,0,1175.4599999999998,1129.26,0.0,62.325581395348834,59.112149532710276,0.0,77.77777777777777,33.333333333333336,0.0,37.10407239819005,34.38914027149321,0.0,50.0,42.85714285714286,0.0,169.69,0,0,0,0,0,0.00,3,0.00,0.11,6,0,0,0,1,0,21,13,4,-,870,1193,42,72,36.84,40.98,60.49,37.93,0.98
Nino Niederreiter,CAR,R,75,1112.98,31.0,14.84,48.95,F,75.0,1112.98,14.84,1113.0,50.0,28.57,,,,,,,57.14,33.94,1,CAR,,,,,,,,,,,,,,,,,,,169.64999999999998,0,2,0,2,2,100.00,8,0.00,0.96,15,6,1,3,1,2,12,6,3,0.00,1226,816,76,37,67.26,70.78,42.55,69.57,1.033
Max Domi,CBJ,C,72,939.2,29.0,13.04,35.48,F,53.0,711.37,13.42,966.24,46.67,50.0,CBJ,CAR,0,966.24,863.28,0.0,42.35,26.82,1,Multi,CBJ,CAR,0,966.24,863.28,0.0,42.35294117647059,34.74178403755869,0.0,46.66666666666667,35.714285714285715,0.0,26.818181818181817,23.076923076923077,0.0,50.0,14.285714285714286,0.0,165.84,1,3,1,2,4,80.00,17,5.88,1.62,30,9,1,6,2,4,5,8,6,67.50,968,851,57,41,58.16,48.72,43.73,62.50,1.031
Timothy Liljegren,TOR,D,61,1000.58,25.0,16.4,39.37,D,61.0,1000.58,16.4,1000.3999999999999,46.67,44.44,,,,,,,45.09,27.93,1,TOR,,,,,,,,,,,,,,,,,,,164.13,0,1,1,0,1,50.00,0,-,0.03,6,0,1,1,3,1,11,29,5,-,1011,875,62,52,54.39,52.8,38.15,56.67,1.001
Warren Foegele,EDM,L,82,1034.17,28.0,12.61,43.26,F,82.0,1034.17,12.61,1034.02,57.14,25.0,,,,,,,49.88,30.63,1,EDM,,,,,,,,,,,,,,,,,,,162.65,1,4,1,3,5,62.50,27,3.70,2.37,51,13,3,3,11,11,36,36,6,0.00,1051,851,43,50,46.24,50.26,42.43,52.73,0.969
Noah Gregor,S.J,C,63,940.95,25.0,14.94,35.63,F,63.0,940.95,14.94,941.2199999999999,53.33,44.44,,,,,,,40.05,24.55,1,S.J,,,,,,,,,,,,,,,,,,,162.37,0,0,0,0,0,-,1,0.00,0.18,5,1,0,0,2,0,7,3,1,-,834,957,32,50,39.02,38.41,43.59,27.27,0.966
Anton Lundell,FLA,C,65,1022.92,22.0,15.74,42.51,F,65.0,1022.92,15.74,1023.1,50.0,33.33,,,,,,,48.71,30.18,1,FLA,,,,,,,,,,,,,,,,,,,162.21999999999997,3,9,6,3,12,80.00,22,13.64,2.81,66,11,0,10,13,10,38,30,12,55.41,1011,992,76,62,55.07,54.14,53.96,50.75,1.029
Ross Colton,T.B,C,79,1010.47,27.0,12.79,40.87,F,79.0,1010.47,12.79,1010.41,46.67,37.5,,,,,,,46.98,29.86,1,T.B,,,,,,,,,,,,,,,,,,,161.01,1,3,1,2,4,80.00,14,7.14,2.46,33,12,0,4,2,2,42,5,10,48.11,1000,810,48,37,56.47,53.15,37.68,62.50,1.002
Erik Gustafsson,CHI,D,59,956.87,32.0,16.22,36.53,D,59.0,956.87,16.22,956.9799999999999,50.0,42.86,,,,,,,41.63,26.24,1,CHI,,,,,,,,,,,,,,,,,,,160.73000000000002,0,2,1,1,2,28.57,11,0.00,0.4,40,0,0,2,13,3,30,24,16,-,954,787,50,44,53.19,43.62,40.65,50.00,0.996
Craig Smith,BOS,C,74,1067.58,34.0,14.43,45.51,F,74.0,1067.58,14.43,1067.82,50.0,25.0,,,,,,,52.93,32.43,1,BOS,,,,,,,,,,,,,,,,,,,160.36,0,2,2,0,2,100.00,14,0.00,0.93,35,4,2,2,5,9,25,15,9,44.44,1179,847,55,43,56.12,54.57,37.86,46.15,0.987
Drew Doughty,L.A,D,39,1004.05,34.0,25.74,39.97,D,39.0,1004.05,25.74,1003.8599999999999,46.15,37.5,,,,,,,45.2,29.86,1,L.A,,,,,,,,,,,,,,,,,,,158.71,2,1,1,0,3,60.00,6,33.33,0.3,16,1,1,2,3,0,7,29,9,-,1088,768,59,58,50.43,57.03,48.27,43.55,0.963
Mattias Janmark,VGK,C,67,961.07,31.0,14.34,36.98,F,67.0,961.07,14.34,960.78,58.82,28.57,,,,,,,41.65,26.7,1,VGK,,,,,,,,,,,,,,,,,,,155.73999999999998,1,3,2,1,4,66.67,16,6.25,2.19,30,14,2,3,6,2,20,31,3,0.00,839,972,42,47,47.19,43.55,47.32,44.68,1.0
Nikolaj Ehlers,WPG,L,62,1120.27,28.0,18.07,49.4,F,62.0,1120.27,18.07,1120.34,46.67,16.67,,,,,,,57.58,34.23,1,WPG,,,,,,,,,,,,,,,,,,,155.15000000000003,0,2,1,1,2,100.00,11,0.00,0.86,26,4,1,2,2,3,11,8,2,-,1323,949,79,46,63.20,73.23,57.86,55.71,1.022
Tyler Toffoli,CGY,"C, R",74,1206.47,32.0,16.3,56.29,F,37.0,558.2,15.09,1116.66,62.5,0.0,CGY,MTL,0,1116.66,1296.48,0.0,57.24,34.68,1,Multi,CGY,MTL,0,1116.66,1296.48,0.0,57.242990654205606,74.47306791569088,0.0,62.5,93.75,0.0,34.68468468468468,49.10714285714286,0.0,0.0,50.0,0.0,154.42000000000002,2,0,0,0,2,100.00,8,25.00,0.62,17,4,0,2,1,0,8,9,2,80.00,1324,1050,75,63,54.35,76.15,55.98,50.75,0.997
Pat Maroon,T.B,L,81,1003.37,36.0,12.39,39.82,F,81.0,1003.37,12.39,1003.59,40.0,37.5,,,,,,,45.58,29.41,1,T.B,,,,,,,,,,,,,,,,,,,152.49,0,2,1,1,2,100.00,5,0.00,0.87,13,3,0,2,6,3,30,13,2,-,892,754,49,20,71.01,47.81,35.08,68.75,1.049
Robert Bortuzzo,STL,D,73,1002.4,35.0,13.73,39.67,D,73.0,1002.4,13.73,1002.2900000000001,40.0,37.5,,,,,,,45.31,29.28,1,STL,,,,,,,,,,,,,,,,,,,152.09,0,1,1,0,1,100.00,0,-,0.04,4,0,0,0,0,1,6,4,11,-,740,1015,31,53,36.90,39.31,53.17,31.82,0.973
Mason Appleton,SEA,C,68,1012.17,28.0,14.88,41.32,F,49.0,700.88,14.3,972.4000000000001,55.56,25.0,SEA,WPG,0,972.4000000000001,1113.84,0.0,43.36,27.93,1,Multi,SEA,WPG,0,972.4000000000001,1113.84,0.0,43.35664335664335,57.242990654205606,0.0,55.55555555555556,40.0,0.0,27.92792792792793,34.234234234234236,0.0,25.0,16.666666666666668,0.0,151.85,0,2,2,0,2,66.67,7,0.00,0.52,9,2,1,1,0,1,9,12,2,100.00,850,951,40,47,45.98,42.83,50.34,40.43,0.998
Kyle Palmieri,NYI,"C, R",69,1078.12,33.0,15.62,45.81,F,69.0,1078.12,15.62,1077.78,50.0,14.29,,,,,,,53.05,33.03,1,NYI,,,,,,,,,,,,,,,,,,,150.36999999999998,0,2,2,0,2,100.00,11,0.00,0.76,17,3,1,2,5,1,4,3,8,66.67,986,969,61,48,55.96,55.18,47.07,54.24,1.016
Mason Appleton,WPG,C,68,1012.17,28.0,14.88,41.32,F,19.0,311.28,16.38,1113.84,40.0,16.67,SEA,WPG,0,972.4000000000001,1113.84,0.0,57.24,34.23,2,Multi,SEA,WPG,0,972.4000000000001,1113.84,0.0,43.35664335664335,57.242990654205606,0.0,55.55555555555556,40.0,0.0,27.92792792792793,34.234234234234236,0.0,25.0,16.666666666666668,0.0,148.14,0,2,2,0,2,66.67,7,0.00,0.52,9,2,1,1,0,1,9,12,2,100.00,850,951,40,47,45.98,42.83,50.34,40.43,0.998
Ben Hutton,VGK,D,58,897.0,31.0,15.47,32.19,D,58.0,897.0,15.47,897.26,52.94,28.57,,,,,,,36.47,23.98,1,VGK,,,,,,,,,,,,,,,,,,,141.96,0,0,0,0,0,0.00,1,0.00,0.04,5,0,0,0,0,2,2,1,3,-,834,848,40,39,50.63,38.48,39.68,44.68,0.999
Morgan Geekie,SEA,C,73,921.27,25.0,12.62,34.43,F,73.0,921.27,12.62,921.26,50.0,25.0,,,,,,,39.77,24.77,1,SEA,,,,,,,,,,,,,,,,,,,139.54000000000002,2,1,1,0,3,42.86,15,13.33,2.26,36,12,3,0,4,5,32,39,4,45.93,924,728,34,43,44.16,41.05,42.48,38.00,0.965
Seth Jarvis,CAR,C,68,943.5,22.0,13.88,36.23,F,68.0,943.5,13.88,943.84,42.86,28.57,,,,,,,41.22,25.34,1,CAR,,,,,,,,,,,,,,,,,,,137.99,1,1,1,0,2,66.67,14,7.14,1.26,28,5,0,3,5,3,25,26,7,28.57,1014,750,58,40,59.18,57.09,37.9,59.65,1.009
Tyler Motte,VAN,C,58,812.65,29.0,14.01,26.05,F,49.0,699.68,14.28,828.24,42.86,44.44,VAN,NYR,0,828.24,727.9000000000001,0.0,30.68,19.46,1,Multi,VAN,NYR,0,828.24,727.9000000000001,0.0,30.679156908665107,22.535211267605632,0.0,42.85714285714286,25.0,0.0,19.457013574660632,15.315315315315315,0.0,44.44444444444444,14.285714285714286,0.0,137.44,1,0,0,0,1,100.00,1,100.00,0.22,7,0,0,1,0,2,9,8,2,50.00,596,885,31,42,42.47,29.68,43.46,41.30,0.998
Ryan McLeod,EDM,C,71,905.93,24.0,12.76,32.78,F,71.0,905.93,12.76,905.96,50.0,25.0,,,,,,,37.47,24.32,1,EDM,,,,,,,,,,,,,,,,,,,136.79,3,0,0,0,3,75.00,19,15.79,2.9,40,9,2,3,5,11,26,39,7,51.67,816,759,32,36,47.06,34.22,40.08,55.26,0.991
Trevor Lewis,CGY,C,80,1026.08,37.0,12.83,42.96,F,80.0,1026.08,12.83,1026.4,56.25,0.0,,,,,,,49.18,31.08,1,CGY,,,,,,,,,,,,,,,,,,,136.51,0,0,0,0,0,-,8,0.00,0.56,15,3,0,3,0,0,18,5,2,12.50,822,973,32,40,44.44,34.34,47.01,47.37,0.996
Casey Cizikas,NYI,C,74,1017.27,33.0,13.75,41.92,F,74.0,1017.27,13.75,1017.5,42.86,14.29,,,,,,,48.12,30.77,1,NYI,,,,,,,,,,,,,,,,,,,136.04,1,1,0,1,2,66.67,5,20.00,0.89,10,4,0,0,2,2,12,7,3,0.00,620,1025,27,44,38.03,32.71,47.76,33.33,0.997
Vladislav Namestnikov,DAL,C,75,1098.85,31.0,14.65,47.01,F,15.0,184.92,12.33,924.75,28.57,37.5,DET,DAL,0,1142.25,924.75,0.0,40.28,24.55,2,Multi,DET,DAL,0,1142.25,924.75,0.0,59.57943925233645,40.28103044496487,0.0,61.53846153846154,28.571428571428573,0.0,35.13513513513514,24.545454545454543,0.0,50.0,37.5,0.0,130.9,1,0,0,0,1,50.00,3,33.33,0.78,5,3,0,0,0,0,7,4,2,37.50,818,1059,47,57,45.19,45.77,54.58,57.69,1.001
Nikita Kucherov,T.B,R,47,938.05,30.0,19.96,35.33,F,47.0,938.05,19.96,938.12,26.67,37.5,,,,,,,40.93,25.34,1,T.B,,,,,,,,,,,,,,,,,,,130.44,0,3,2,1,3,75.00,4,0.00,0.55,19,2,0,1,6,0,12,17,3,-,1120,750,95,56,62.91,71.35,47.53,56.96,1.02
Teddy Blueger,PIT,C,65,976.17,29.0,15.02,38.47,F,65.0,976.17,15.02,976.3,56.25,0.0,,,,,,,43.69,29.28,1,PIT,,,,,,,,,,,,,,,,,,,129.22,0,1,1,0,1,33.33,4,0.00,0.73,19,3,0,2,0,1,18,16,7,58.06,721,969,41,36,53.25,35.53,46.54,58.14,1.023
Niko Mikkola,STL,D,54,917.03,28.0,16.98,33.53,D,54.0,917.03,16.98,916.9200000000001,40.0,25.0,,,,,,,38.73,25.23,1,STL,,,,,,,,,,,,,,,,,,,128.95999999999998,1,1,0,1,2,14.29,16,6.25,0.55,32,1,1,2,14,4,49,72,23,-,648,909,42,57,42.42,36.24,43.51,52.00,0.998
Derek Ryan,EDM,C,75,857.32,37.0,11.43,30.24,F,75.0,857.32,11.43,857.25,42.86,25.0,,,,,,,33.72,22.97,1,EDM,,,,,,,,,,,,,,,,,,,124.55,0,1,1,0,1,50.00,10,0.00,1.12,19,6,0,1,6,4,28,18,6,40.30,701,837,34,61,35.79,30.68,43.7,38.46,0.954
Sam Steel,ANA,C,68,837.22,26.0,12.31,27.99,F,68.0,837.22,12.31,837.08,33.33,37.5,,,,,,,31.85,20.18,1,ANA,,,,,,,,,,,,,,,,,,,122.86,0,3,0,3,3,75.00,14,0.00,1.45,32,8,1,2,3,6,23,22,5,45.45,718,815,31,45,40.79,29.75,38.71,39.53,0.978
Caleb Jones,CHI,D,51,852.57,27.0,16.72,29.94,D,51.0,852.57,16.72,852.7199999999999,37.5,28.57,,,,,,,33.95,22.62,1,CHI,,,,,,,,,,,,,,,,,,,122.64000000000001,0,0,0,0,0,0.00,0,-,0.0,2,0,0,0,0,0,4,3,2,-,698,818,37,40,48.05,32.06,37.02,44.19,1.002
Nic Dowd,WSH,C,64,912.82,34.0,14.26,33.23,F,64.0,912.82,14.26,912.64,58.82,0.0,,,,,,,37.56,25.23,1,WSH,,,,,,,,,,,,,,,,,,,121.61000000000001,0,0,0,0,0,0.00,2,0.00,0.11,6,1,0,0,0,0,18,12,3,56.76,726,924,37,38,49.33,36.24,45.06,45.45,1.005
Danton Heinen,PIT,L,76,966.33,28.0,12.71,37.43,F,76.0,966.33,12.71,965.96,50.0,0.0,,,,,,,42.52,28.38,1,PIT,,,,,,,,,,,,,,,,,,,120.9,0,1,1,0,1,33.33,9,0.00,0.88,17,4,0,1,5,1,10,21,2,33.33,978,758,50,40,55.56,48.66,34.0,53.57,0.995
Blake Lizotte,L.A,C,70,851.47,26.0,12.16,29.79,F,70.0,851.47,12.16,851.2,38.46,25.0,,,,,,,33.49,22.62,1,L.A,,,,,,,,,,,,,,,,,,,119.57,1,0,0,0,1,100.00,3,33.33,0.43,10,2,2,2,2,0,10,10,3,61.11,821,703,40,34,54.05,37.05,37.33,55.56,0.994
Filip Chytil,NYR,C,67,882.73,24.0,13.18,31.89,F,67.0,882.73,13.18,883.06,43.75,14.29,,,,,,,36.07,23.42,1,NYR,,,,,,,,,,,,,,,,,,,117.53,0,0,0,0,0,-,8,0.00,0.66,21,6,2,0,1,0,8,11,5,33.33,844,738,36,33,52.17,44.06,35.88,53.49,0.994
Jimmy Vesey,N.J,L,68,980.83,31.0,14.42,38.77,F,68.0,980.83,14.42,980.56,42.86,0.0,,,,,,,44.39,29.28,1,N.J,,,,,,,,,,,,,,,,,,,116.53,1,2,1,1,3,100.00,9,11.11,0.94,21,4,1,3,3,6,8,10,8,50.00,817,939,24,61,28.24,37.27,48.7,28.57,0.939
Rasmus Sandin,TOR,D,51,864.93,24.0,16.96,30.84,D,51.0,864.93,16.96,864.96,46.67,11.11,,,,,,,34.58,23.42,1,TOR,,,,,,,,,,,,,,,,,,,115.78,0,0,0,0,0,-,0,-,0.01,4,0,0,2,2,0,4,3,2,-,959,708,50,32,60.98,49.18,30.01,58.70,1.019
Nicolas Aube-Kubel,PHI,R,74,726.4,28.0,9.82,20.21,F,7.0,68.75,9.82,726.6800000000001,41.18,37.5,COL,PHI,0,726.6800000000001,726.6800000000001,0.0,22.01,14.86,2,Multi,COL,PHI,0,726.6800000000001,726.6800000000001,0.0,22.61072261072261,22.014051522248245,0.0,13.333333333333334,41.1764705882353,0.0,14.545454545454545,14.864864864864865,0.0,33.33333333333333,37.5,0.0,115.55000000000001,0,0,0,0,0,-,0,-,0.01,3,0,0,0,1,0,5,5,2,50.00,637,666,30,19,61.22,27.48,29.68,59.26,1.029
Evander Kane,EDM,L,43,836.37,32.0,19.45,27.84,F,43.0,836.37,19.45,836.35,35.71,25.0,,,,,,,31.85,20.72,1,EDM,,,,,,,,,,,,,,,,,,,113.28,4,3,1,2,7,63.64,42,9.52,4.53,91,19,3,11,6,3,64,52,6,37.50,977,751,66,30,68.75,59.16,40.41,70.37,1.047
Logan Stanley,WPG,D,58,907.37,26.0,15.64,32.93,D,58.0,907.37,15.64,907.12,33.33,16.67,,,,,,,37.76,24.77,1,WPG,,,,,,,,,,,,,,,,,,,112.53,0,1,0,1,1,50.00,2,0.00,0.06,5,0,1,0,1,0,16,9,3,-,733,1016,31,55,36.05,33.61,56.95,40.38,0.979
Nils Hoglander,VAN,L,60,785.28,23.0,13.09,24.55,F,60.0,785.28,13.09,785.4,28.57,33.33,,,,,,,27.57,18.55,1,VAN,,,,,,,,,,,,,,,,,,,108.02,1,1,0,1,2,66.67,8,12.50,1.49,13,7,0,2,2,4,13,21,1,-,843,678,28,30,48.28,40.3,33.2,50.00,0.984
Max Domi,CAR,C,72,939.2,29.0,13.04,35.48,F,19.0,227.83,11.99,863.28,35.71,14.29,CBJ,CAR,0,966.24,863.28,0.0,34.74,23.08,2,Multi,CBJ,CAR,0,966.24,863.28,0.0,42.35294117647059,34.74178403755869,0.0,46.66666666666667,35.714285714285715,0.0,26.818181818181817,23.076923076923077,0.0,50.0,14.285714285714286,0.0,107.82,1,3,1,2,4,80.00,17,5.88,1.62,30,9,1,6,2,4,5,8,6,67.50,968,851,57,41,58.16,48.72,43.73,62.50,1.031
Simon Benoit,ANA,D,53,746.9,25.0,14.09,22.01,D,53.0,746.9,14.09,746.77,27.78,37.5,,,,,,,24.36,16.14,1,ANA,,,,,,,,,,,,,,,,,,,105.78,0,0,0,0,0,0.00,6,0.00,0.16,15,0,0,0,4,0,32,30,8,-,590,775,24,34,41.38,29.07,36.65,50.00,0.997
Andrew Cogliano,COL,C,74,937.57,37.0,12.67,35.18,F,18.0,198.3,11.02,815.48,20.0,33.33,S.J,COL,0,976.8,815.48,0.0,30.3,19.55,2,Multi,S.J,COL,0,976.8,815.48,0.0,43.42723004694836,30.3030303030303,0.0,60.0,20.0,0.0,27.727272727272727,19.545454545454543,0.0,44.44444444444444,33.33333333333333,0.0,103.17999999999999,0,4,3,1,4,100.00,3,0.00,0.16,6,1,1,1,1,2,5,7,5,40.00,648,994,28,57,32.94,29.49,47.07,31.82,0.967
Sam Lafferty,CHI,"C, R",56,759.98,29.0,13.57,22.75,F,46.0,672.9,14.63,819.2800000000001,37.5,14.29,CHI,PIT,0,819.2800000000001,487.76000000000005,0.0,30.07,20.36,1,Multi,CHI,PIT,0,819.2800000000001,487.76000000000005,0.0,30.06993006993007,9.133489461358314,0.0,37.5,6.25,0.0,20.361990950226243,3.1531531531531534,0.0,14.285714285714286,0.0,0.0,102.22,0,0,0,0,0,0.00,7,0.00,1.38,19,5,1,2,2,0,27,10,0,45.71,536,864,21,50,29.58,26.41,40.0,37.50,0.96
Sean Monahan,CGY,C,65,913.85,29.0,14.06,33.38,F,65.0,913.85,14.06,913.9,37.5,0.0,,,,,,,38.93,25.23,1,CGY,,,,,,,,,,,,,,,,,,,101.66,0,0,0,0,0,0.00,10,0.00,1.05,12,4,0,0,0,1,6,5,3,44.83,1084,718,42,37,53.16,54.0,34.43,58.14,0.979
Brandon Duhaime,MIN,R,80,817.45,27.0,10.22,26.2,F,80.0,817.45,10.22,817.6,35.29,12.5,,,,,,,29.91,20.36,1,MIN,,,,,,,,,,,,,,,,,,,98.06,1,0,0,0,1,50.00,6,16.67,1.22,15,6,0,2,2,0,38,18,6,-,698,802,30,36,45.45,27.11,34.31,40.63,0.997
Ilya Mikheyev,TOR,R,53,808.73,29.0,15.26,25.45,F,53.0,808.73,15.26,808.78,46.67,0.0,,,,,,,28.97,20.27,1,TOR,,,,,,,,,,,,,,,,,,,95.91,0,0,0,0,0,0.00,11,0.00,1.64,26,7,0,2,2,0,9,14,3,50.00,771,627,50,32,60.98,44.21,31.02,61.70,1.024
Calle Jarnkrok,CGY,C,66,1058.42,32.0,16.04,45.06,F,17.0,235.15,13.83,912.78,31.25,0.0,SEA,CGY,0,1108.8,912.78,0.0,39.02,25.23,2,Multi,SEA,CGY,0,1108.8,912.78,0.0,55.94405594405594,39.018691588785046,0.0,66.66666666666666,31.25,0.0,33.333333333333336,25.225225225225227,0.0,25.0,0.0,0.0,95.5,0,0,0,0,0,-,7,0.00,0.74,19,2,0,2,1,0,7,8,3,55.56,1016,919,49,64,43.36,48.75,52.41,43.18,0.965
Cal Clutterbuck,NYI,R,59,828.47,36.0,14.04,27.4,F,59.0,828.47,14.04,828.3599999999999,28.57,14.29,,,,,,,31.22,20.81,1,NYI,,,,,,,,,,,,,,,,,,,94.88999999999999,0,0,0,0,0,-,1,0.00,0.21,5,1,0,0,2,1,15,4,3,0.00,525,797,18,40,31.03,25.24,38.21,33.33,0.971
Max Comtois,ANA,L,52,735.03,25.0,14.14,21.41,F,52.0,735.03,14.14,735.28,27.78,25.0,,,,,,,24.36,15.7,1,ANA,,,,,,,,,,,,,,,,,,,92.84,0,0,0,0,0,-,0,-,0.0,1,0,0,0,0,0,3,1,2,-,703,673,33,44,42.86,33.64,34.53,48.78,0.97
Colin Miller,BUF,D,38,721.32,31.0,18.98,19.61,D,38.0,721.32,18.98,721.24,21.43,33.33,,,,,,,21.78,14.55,1,BUF,,,,,,,,,,,,,,,,,,,91.09,0,1,0,1,1,100.00,3,0.00,0.06,8,0,0,0,1,0,4,4,1,-,589,634,40,37,51.95,26.63,32.34,50.00,1.024
Jesperi Kotkaniemi,CAR,C,66,793.53,23.0,12.02,24.85,F,66.0,793.53,12.02,793.3199999999999,28.57,14.29,,,,,,,28.1,19.46,1,CAR,,,,,,,,,,,,,,,,,,,90.41999999999999,0,1,0,1,1,25.00,15,0.00,1.42,31,5,0,3,2,2,11,20,8,55.81,884,581,42,30,58.33,42.17,31.89,56.52,1.001
Mason Marchment,FLA,L,54,761.93,28.0,14.11,22.9,F,54.0,761.93,14.11,761.9399999999999,25.0,22.22,,,,,,,24.82,18.02,1,FLA,,,,,,,,,,,,,,,,,,,90.06,3,2,1,1,5,83.33,23,13.04,2.28,41,9,3,4,4,13,51,19,6,50.00,861,532,61,28,68.54,50.06,26.63,68.09,1.031
Nick Cousins,NSH,C,68,847.85,30.0,12.47,29.64,F,68.0,847.85,12.47,847.96,16.67,14.29,,,,,,,33.64,22.52,1,NSH,,,,,,,,,,,,,,,,,,,87.12,0,1,1,0,1,33.33,8,0.00,0.54,22,4,2,2,1,5,17,23,7,0.00,841,702,33,33,50.00,40.28,31.67,51.35,0.989
Sam Carrick,ANA,C,64,732.92,32.0,11.45,20.81,F,64.0,732.92,11.45,732.8,22.22,25.0,,,,,,,23.89,15.25,1,ANA,,,,,,,,,,,,,,,,,,,86.36,0,1,1,0,1,50.00,4,0.00,0.34,10,1,0,1,4,0,30,22,2,56.32,598,761,22,40,35.48,25.87,36.4,43.24,0.972
Matt Martin,NYI,L,71,812.3,35.0,11.44,25.9,F,71.0,812.3,11.44,812.24,21.43,14.29,,,,,,,30.05,19.91,1,NYI,,,,,,,,,,,,,,,,,,,85.68,0,0,0,0,0,-,2,0.00,0.37,5,3,0,0,0,1,7,2,3,66.67,599,698,24,25,48.98,26.61,29.0,45.00,1.005
William Carrier,VGK,L,63,732.3,29.0,11.62,20.66,F,63.0,732.3,11.62,732.06,47.06,0.0,,,,,,,22.59,15.84,1,VGK,,,,,,,,,,,,,,,,,,,85.49000000000001,1,0,0,0,1,33.33,9,11.11,0.67,19,3,0,4,1,2,32,9,2,0.00,806,645,36,30,54.55,39.25,31.02,48.72,0.987
T.J. Oshie,WSH,R,44,767.83,37.0,17.45,23.65,F,44.0,767.83,17.45,767.8,41.18,0.0,,,,,,,25.35,18.92,1,WSH,,,,,,,,,,,,,,,,,,,85.45,0,1,1,0,1,50.00,2,0.00,0.1,4,0,0,0,3,2,10,8,1,0.00,786,623,43,37,53.75,43.56,30.25,51.16,0.99
Ryan Reaves,NYR,R,69,734.8,37.0,10.65,21.11,F,69.0,734.8,10.65,734.85,31.25,14.29,,,,,,,23.89,15.77,1,NYR,,,,,,,,,,,,,,,,,,,85.19999999999999,0,1,0,1,1,100.00,2,0.00,0.37,6,2,1,1,0,0,26,5,0,-,440,698,18,31,36.73,19.4,31.17,32.26,0.994
Nicolas Aube-Kubel,COL,R,74,726.4,28.0,9.82,20.21,F,67.0,657.65,9.82,726.6800000000001,13.33,33.33,COL,PHI,0,726.6800000000001,726.6800000000001,0.0,22.61,14.55,1,Multi,COL,PHI,0,726.6800000000001,726.6800000000001,0.0,22.61072261072261,22.014051522248245,0.0,13.333333333333334,41.1764705882353,0.0,14.545454545454545,14.864864864864865,0.0,33.33333333333333,37.5,0.0,83.82,0,0,0,0,0,-,0,-,0.01,3,0,0,0,1,0,5,5,2,50.00,637,666,30,19,61.22,27.48,29.68,59.26,1.029
Tyler Motte,NYR,C,58,812.65,29.0,14.01,26.05,F,9.0,112.97,12.55,727.9000000000001,25.0,14.29,VAN,NYR,0,828.24,727.9000000000001,0.0,22.54,15.32,2,Multi,VAN,NYR,0,828.24,727.9000000000001,0.0,30.679156908665107,22.535211267605632,0.0,42.85714285714286,25.0,0.0,19.457013574660632,15.315315315315315,0.0,44.44444444444444,14.285714285714286,0.0,77.15,1,0,0,0,1,100.00,1,100.00,0.22,7,0,0,1,0,2,9,8,2,50.00,596,885,31,42,42.47,29.68,43.46,41.30,0.998
Michael Amadio,VGK,C,56,681.0,28.0,12.16,16.92,F,53.0,653.52,12.33,690.48,41.18,0.0,VGK,TOR,0,690.48,512.96,0.0,18.4,14.93,1,Multi,VGK,TOR,0,690.48,512.96,0.0,18.39622641509434,9.836065573770492,0.0,41.1764705882353,6.666666666666667,0.0,14.93212669683258,4.504504504504505,0.0,0.0,0.0,0.0,74.50999999999999,1,1,1,0,2,100.00,4,25.00,0.64,9,3,1,2,0,1,2,6,1,61.54,711,587,29,29,50.00,31.46,23.75,51.61,0.98
Steven Lorentz,CAR,C,67,729.53,28.0,10.89,20.36,F,67.0,729.53,10.89,729.63,21.43,14.29,,,,,,,22.72,15.38,1,CAR,,,,,,,,,,,,,,,,,,,73.82,2,1,1,0,3,100.00,6,33.33,0.92,17,4,3,0,3,4,39,32,4,40.68,697,590,23,25,47.92,33.94,27.81,50.00,0.984
Ryan Lomberg,FLA,L,55,627.82,29.0,11.41,14.67,F,55.0,627.82,11.41,627.55,18.75,22.22,,,,,,,15.46,13.06,1,FLA,,,,,,,,,,,,,,,,,,,69.49000000000001,0,0,0,0,0,-,9,0.00,0.48,13,2,0,1,1,0,23,7,3,100.00,645,575,27,32,45.76,29.53,28.76,35.29,0.979
Mark Stone,VGK,R,37,678.7,32.0,18.34,16.62,F,37.0,678.7,18.34,678.58,35.29,0.0,,,,,,,18.12,14.48,1,VGK,,,,,,,,,,,,,,,,,,,67.89,0,0,0,0,0,-,4,0.00,0.53,14,3,1,3,7,1,12,6,2,-,739,602,49,34,59.04,43.09,30.18,55.32,1.01
Joel Kiviranta,DAL,L,56,533.23,28.0,9.52,8.98,F,56.0,533.23,9.52,533.12,14.29,37.5,,,,,,,10.51,5.0,1,DAL,,,,,,,,,,,,,,,,,,,67.3,1,1,1,0,2,66.67,7,14.29,0.96,21,4,2,3,0,1,23,14,3,33.33,458,460,15,22,40.54,22.07,20.68,42.11,0.967
Casey Mittelstadt,BUF,C,40,644.82,25.0,16.12,14.97,F,40.0,644.82,16.12,644.8000000000001,14.29,22.22,,,,,,,16.63,12.73,1,BUF,,,,,,,,,,,,,,,,,,,65.87,2,4,3,1,6,75.00,22,9.09,1.87,30,9,1,2,7,5,15,24,5,45.59,580,514,32,37,46.38,29.45,32.72,33.33,0.979
Connor McMichael,WSH,C,68,711.83,23.0,10.47,18.41,F,68.0,711.83,10.47,711.96,29.41,0.0,,,,,,,20.19,14.86,1,WSH,,,,,,,,,,,,,,,,,,,64.46,1,0,0,0,1,100.00,9,11.11,0.52,18,3,2,0,1,2,2,1,0,44.44,702,637,27,30,47.37,33.75,25.9,53.57,0.978
Braden Schneider,NYR,D,43,665.48,22.0,15.48,15.87,D,43.0,665.48,15.48,665.64,18.75,14.29,,,,,,,17.56,13.51,1,NYR,,,,,,,,,,,,,,,,,,,64.11,0,2,2,0,2,33.33,15,0.00,0.6,51,0,0,5,14,1,29,61,30,-,459,653,26,21,55.32,21.05,30.17,59.26,1.044
Max Pacioretty,VGK,L,39,677.77,35.0,17.38,16.47,F,39.0,677.77,17.38,677.8199999999999,29.41,0.0,,,,,,,18.12,14.48,1,VGK,,,,,,,,,,,,,,,,,,,62.010000000000005,0,0,0,0,0,-,5,0.00,0.7,10,2,1,0,2,3,2,3,0,100.00,814,551,50,26,65.79,45.35,29.47,63.41,1.02
Jonathan Drouin,MTL,L,34,581.22,29.0,17.09,11.98,F,34.0,581.22,17.09,581.06,25.0,12.5,,,,,,,12.85,9.82,1,MTL,,,,,,,,,,,,,,,,,,,60.17,0,1,1,0,1,33.33,4,0.00,0.59,15,1,0,0,3,1,6,2,1,46.15,524,549,25,30,45.45,24.37,31.59,45.45,1.0
Jordan Martinook,CAR,L,59,660.85,31.0,11.2,15.57,F,59.0,660.85,11.2,660.8,14.29,14.29,,,,,,,17.56,13.12,1,CAR,,,,,,,,,,,,,,,,,,,59.26,2,2,2,0,4,66.67,20,10.00,3.01,44,12,1,5,8,4,17,9,3,31.25,693,512,24,25,48.98,28.86,25.99,43.75,0.985
Trent Frederic,BOS,C,60,699.43,26.0,11.66,18.26,F,60.0,699.43,11.66,699.6,21.43,0.0,,,,,,,20.61,14.86,1,BOS,,,,,,,,,,,,,,,,,,,56.9,2,2,0,2,4,50.00,17,11.76,2.42,28,14,0,5,3,5,53,39,10,35.71,572,613,27,21,56.25,28.08,27.66,51.72,1.014
Jesper Boqvist,N.J,C,56,735.0,25.0,13.12,21.26,F,56.0,735.0,13.12,734.7199999999999,14.29,0.0,,,,,,,24.53,16.22,1,N.J,,,,,,,,,,,,,,,,,,,55.04,0,1,1,0,1,50.00,4,0.00,0.4,8,2,1,0,2,1,26,14,4,53.33,665,686,30,38,44.12,30.45,33.03,47.73,0.987
Patrick Brown,PHI,C,44,547.08,32.0,12.43,10.03,F,44.0,547.08,12.43,546.92,23.53,12.5,,,,,,,11.21,7.66,1,PHI,,,,,,,,,,,,,,,,,,,54.900000000000006,0,0,0,0,0,-,0,-,0.0,0,0,0,0,0,0,9,2,1,66.67,397,661,14,43,24.56,15.82,33.6,32.00,0.936
Jack Eichel,VGK,C,34,659.32,27.0,19.39,15.42,F,34.0,659.32,19.39,659.26,23.53,0.0,,,,,,,16.94,13.57,1,VGK,,,,,,,,,,,,,,,,,,,54.040000000000006,1,2,2,0,3,75.00,17,5.88,0.92,33,1,2,2,3,2,10,11,7,50.57,741,567,42,26,61.76,38.75,30.62,62.50,1.016
Sebastian Aho,NYI,D,36,592.38,28.0,16.45,13.02,D,36.0,592.38,16.45,592.1999999999999,14.29,14.29,,,,,,,14.12,10.86,2,NYI,,,,,,,,,,,,,,,,,,,53.559999999999995,3,3,3,0,6,85.71,20,15.00,2.24,43,12,0,4,13,5,19,17,4,43.51,1703,1205,111,68,62.01,107.72,73.36,60.75,1.021
Sebastian Aho,NYI,D,36,592.38,28.0,16.45,13.02,D,36.0,592.38,16.45,592.1999999999999,14.29,14.29,,,,,,,14.12,10.86,2,NYI,,,,,,,,,,,,,,,,,,,53.559999999999995,3,3,3,0,6,85.71,20,15.00,2.24,43,12,0,4,13,5,19,17,4,43.51,480,566,26,30,46.43,21.42,27.01,56.00,1.007
Kaapo Kakko,NYR,R,43,664.17,23.0,15.45,15.72,F,43.0,664.17,15.45,664.35,18.75,0.0,,,,,,,17.56,13.51,1,NYR,,,,,,,,,,,,,,,,,,,49.82,1,1,1,0,2,66.67,18,5.56,1.77,41,5,2,1,2,3,20,16,2,57.14,622,570,34,20,62.96,32.63,27.42,65.52,1.032
Carl Grundstrom,L.A,R,54,588.05,26.0,10.89,12.87,F,54.0,588.05,10.89,588.0600000000001,23.08,0.0,,,,,,,13.58,11.31,1,L.A,,,,,,,,,,,,,,,,,,,47.97,0,0,0,0,0,-,3,0.00,0.11,4,0,0,0,1,0,9,4,1,-,556,495,20,16,55.56,23.37,22.06,59.09,1.009
Anthony Mantha,WSH,R,37,561.25,29.0,15.17,10.63,F,37.0,561.25,15.17,561.29,23.53,0.0,,,,,,,11.97,8.11,1,WSH,,,,,,,,,,,,,,,,,,,43.61,0,0,0,0,0,-,5,0.00,0.31,10,1,1,2,2,1,5,5,1,-,575,421,36,26,58.06,28.38,20.15,54.29,0.992
Thomas Harley,DAL,D,34,465.45,22.0,13.69,5.69,D,34.0,465.45,13.69,465.46,7.14,25.0,,,,,,,7.71,0.91,1,DAL,,,,,,,,,,,,,,,,,,,40.76,0,3,1,2,3,18.75,22,0.00,1.07,56,2,1,6,10,13,11,61,47,-,469,417,17,21,44.74,22.26,19.08,64.71,0.976
Jason Zucker,PIT,L,41,607.63,32.0,14.82,14.07,F,41.0,607.63,14.82,607.62,12.5,0.0,,,,,,,15.19,12.61,1,PIT,,,,,,,,,,,,,,,,,,,40.3,1,2,1,1,3,100.00,13,7.69,1.0,19,5,3,1,1,1,14,11,1,-,605,503,32,27,54.24,31.63,22.34,53.33,0.992
Brett Howden,VGK,C,47,500.82,26.0,10.66,7.04,F,47.0,500.82,10.66,501.02,17.65,0.0,,,,,,,8.71,3.62,1,VGK,,,,,,,,,,,,,,,,,,,29.98,1,1,0,1,2,100.00,7,14.29,1.04,21,5,0,0,0,1,22,8,5,33.33,430,485,27,21,56.25,23.44,22.31,58.62,1.028
Michael McCarron,NSH,R,51,529.85,29.0,10.39,8.68,F,51.0,529.85,10.39,529.89,8.33,0.0,,,,,,,10.28,5.41,1,NSH,,,,,,,,,,,,,,,,,,,24.02,0,0,0,0,0,-,6,0.00,0.74,10,3,0,0,1,1,9,16,6,56.06,432,538,24,20,54.55,19.28,26.42,65.38,1.035
Michael Amadio,TOR,C,56,681.0,28.0,12.16,16.92,F,3.0,27.48,9.16,512.96,6.67,0.0,VGK,TOR,0,690.48,512.96,0.0,9.84,4.5,2,Multi,VGK,TOR,0,690.48,512.96,0.0,18.39622641509434,9.836065573770492,0.0,41.1764705882353,6.666666666666667,0.0,14.93212669683258,4.504504504504505,0.0,0.0,0.0,0.0,21.009999999999998,1,1,1,0,2,100.00,4,25.00,0.64,9,3,1,2,0,1,2,6,1,61.54,711,587,29,29,50.00,31.46,23.75,51.61,0.98
Quinton Byfield,L.A,C,40,486.27,21.0,12.16,6.89,F,40.0,486.27,12.16,486.4,7.69,0.0,,,,,,,8.9,3.17,1,L.A,,,,,,,,,,,,,,,,,,,19.76,0,4,3,1,4,57.14,6,0.00,0.39,20,3,1,3,3,3,11,14,0,50.00,414,402,15,20,42.86,20.34,18.15,31.58,0.981
Sam Lafferty,PIT,"C, R",56,759.98,29.0,13.57,22.75,F,10.0,87.08,8.71,487.76000000000005,6.25,0.0,CHI,PIT,0,819.2800000000001,487.76000000000005,0.0,9.13,3.15,2,Multi,CHI,PIT,0,819.2800000000001,487.76000000000005,0.0,30.06993006993007,9.133489461358314,0.0,37.5,6.25,0.0,20.361990950226243,3.1531531531531534,0.0,14.285714285714286,0.0,0.0,18.53,0,0,0,0,0,0.00,7,0.00,1.38,19,5,1,2,2,0,27,10,0,45.71,536,864,21,50,29.58,26.41,40.0,37.50,0.96
Aliaksei Protas,WSH,C,33,390.5,23.0,11.83,2.84,F,33.0,390.5,11.83,390.39,11.76,0.0,,,,,,,3.99,0.0,1,WSH,,,,,,,,,,,,,,,,,,,15.75,0,2,1,1,2,100.00,8,0.00,0.55,13,2,1,1,1,2,4,5,3,-,381,297,19,13,59.38,17.84,13.28,50.00,1.01
Connor Dewar,MIN,C,35,346.75,24.0,9.91,1.65,F,35.0,346.75,9.91,346.85,5.88,0.0,,,,,,,2.34,0.0,1,MIN,,,,,,,,,,,,,,,,,,,8.219999999999999,0,1,1,0,1,100.00,5,0.00,0.25,9,1,1,1,3,3,14,10,2,0.00,312,306,11,15,42.31,12.16,12.96,33.33,0.973
Dakota Joshua,STL,C,30,254.78,28.0,8.49,0.3,F,30.0,254.78,8.49,254.70000000000002,6.67,0.0,,,,,,,0.23,0.0,1,STL,,,,,,,,,,,,,,,,,,,6.9,2,4,3,1,6,75.00,7,28.57,1.54,16,8,0,4,1,4,71,26,5,40.00,247,219,15,9,62.50,13.12,8.66,70.00,1.019
Nicholas Paul,,L,80,1320.97,29.0,16.51,68.26,F,80.0,1320.97,16.51,1320.8000000000002,,,,,,,,,76.99,51.75,1,,,,,,,,,,,,,,,,,,,,,1,0,0,0,1,100.00,9,11.11,0.72,11,3,2,0,2,2,15,11,4,56.25,1124,1359,43,77,35.83,54.48,69.94,34.78,0.966
